date,cbp_apprehended,cbp_custody,cbp_transferred_out,hhs_care,hhs_discharged,date_diff,transfer_efficiency_ratio,discharge_effectiveness,total_exits,total_entries,pipeline_throughput,month,regime,net_flow,cumulative_backlog,backlog_accumulation_rate,outcome_stability_score,outcome_stability_score_inverted,day_of_week,is_weekend,is_backlog_day,streak_id
2023-01-12,33.0,53.0,34.0,6566,436.0,,0.6415094339622641,0.06640268047517514,470.0,33.0,14.242424242424242,2023-01,pre_2025_shift,-403.0,-403.0,-403.0,,,Thursday,False,False,1
2023-01-22,32.0,49.0,39.0,7122,227.0,10.0,0.7959183673469388,0.031873069362538614,266.0,32.0,8.3125,2023-01,pre_2025_shift,-195.0,-598.0,-299.0,,,Sunday,True,False,1
2023-01-23,32.0,50.0,39.0,7280,181.0,1.0,0.78,0.02486263736263736,220.0,32.0,6.875,2023-01,pre_2025_shift,-149.0,-747.0,-249.0,,,Monday,False,False,1
2023-01-24,47.0,42.0,47.0,7433,175.0,1.0,1.119047619047619,0.023543656666218216,222.0,47.0,4.723404255319149,2023-01,pre_2025_shift,-128.0,-875.0,-218.75,,,Tuesday,False,False,1
2023-01-25,20.0,22.0,41.0,7538,180.0,1.0,1.8636363636363635,0.02387901300079597,221.0,20.0,11.05,2023-01,pre_2025_shift,-160.0,-1035.0,-207.0,0.5384824947700645,0.6499911460802522,Wednesday,False,False,1
2023-01-29,23.0,45.0,11.0,7472,303.0,4.0,0.24444444444444444,0.04055139186295503,314.0,23.0,13.652173913043478,2023-01,pre_2025_shift,-280.0,-1315.0,-219.16666666666666,0.47288232699193955,0.6789408642320363,Sunday,True,False,1
2023-01-30,34.0,54.0,29.0,7743,196.0,1.0,0.5370370370370371,0.025313186103577426,225.0,34.0,6.617647058823529,2023-01,pre_2025_shift,-162.0,-1477.0,-211.0,0.4630770683572307,0.6834909941708115,Monday,False,False,1
2023-01-31,26.0,36.0,36.0,7803,158.0,1.0,1.0,0.020248622324746893,194.0,26.0,7.461538461538462,2023-01,pre_2025_shift,-132.0,-1609.0,-172.28571428571428,0.47529645586237795,0.6778298666863226,Tuesday,False,False,1
2023-02-01,25.0,32.0,27.0,7903,231.0,1.0,0.84375,0.029229406554472984,258.0,25.0,10.32,2023-02,pre_2025_shift,-206.0,-1815.0,-173.85714285714286,0.4500367609880269,0.6896376884394431,Wednesday,False,False,1
2023-02-02,15.0,13.0,23.0,7879,298.0,1.0,1.7692307692307692,0.03782205863688285,321.0,15.0,21.4,2023-02,pre_2025_shift,-283.0,-2098.0,-193.0,0.4205428023629488,0.7039562611817028,Thursday,False,False,1
2023-02-05,16.0,18.0,15.0,7586,342.0,3.0,0.8333333333333334,0.04508304771948326,357.0,16.0,22.3125,2023-02,pre_2025_shift,-326.0,-2424.0,-221.28571428571428,0.4018129236346301,0.7133619494726823,Sunday,True,False,1
2023-02-06,11.0,22.0,12.0,7720,196.0,1.0,0.5454545454545454,0.02538860103626943,208.0,11.0,18.90909090909091,2023-02,pre_2025_shift,-185.0,-2609.0,-224.85714285714286,0.3975123972395477,0.7155571585448983,Monday,False,False,1
2023-02-07,16.0,20.0,20.0,7855,200.0,1.0,1.0,0.025461489497135583,220.0,16.0,13.75,2023-02,pre_2025_shift,-184.0,-2793.0,-211.14285714285714,0.39245714950064503,0.7181549538947135,Tuesday,False,False,1
2023-02-08,93.0,196.0,169.0,7915,317.0,1.0,0.8622448979591837,0.04005053695514845,486.0,93.0,5.225806451612903,2023-02,pre_2025_shift,-224.0,-3017.0,-220.0,0.3760430302839553,0.7267214600067002,Wednesday,False,False,1
2023-02-09,124.0,234.0,161.0,7908,353.0,1.0,0.688034188034188,0.044638340920586744,514.0,124.0,4.145161290322581,2023-02,pre_2025_shift,-229.0,-3246.0,-233.85714285714286,0.27483332707738894,0.7844162674132027,Thursday,False,False,1
2023-02-12,92.0,203.0,173.0,7434,317.0,3.0,0.8522167487684729,0.042641915523271456,490.0,92.0,5.326086956521739,2023-02,pre_2025_shift,-225.0,-3471.0,-236.57142857142858,0.28454969039189365,0.778482924778813,Sunday,True,False,1
2023-02-13,186.0,259.0,172.0,7483,244.0,1.0,0.6640926640926641,0.03260724308432447,416.0,186.0,2.236559139784946,2023-02,pre_2025_shift,-58.0,-3529.0,-204.42857142857142,0.2724289835135227,0.7858984768161503,Monday,False,False,1
2023-02-14,154.0,225.0,220.0,7794,223.0,1.0,0.9777777777777777,0.02861175263022838,443.0,154.0,2.8766233766233764,2023-02,pre_2025_shift,-69.0,-3598.0,-167.71428571428572,0.260353998586764,0.7934278790889709,Tuesday,False,False,1
2023-02-15,91.0,199.0,172.0,7869,290.0,1.0,0.864321608040201,0.036853475663997964,462.0,91.0,5.076923076923077,2023-02,pre_2025_shift,-199.0,-3797.0,-169.71428571428572,0.24249757105368835,0.8048305471953232,Wednesday,False,False,1
2023-02-16,81.0,213.0,153.0,7793,361.0,1.0,0.7183098591549296,0.046323623764917235,514.0,81.0,6.345679012345679,2023-02,pre_2025_shift,-280.0,-4077.0,-183.42857142857142,0.2538635647823493,0.797534937681664,Thursday,False,False,1
2023-02-20,209.0,285.0,184.0,7817,209.0,4.0,0.6456140350877193,0.02673659971856211,393.0,209.0,1.8803827751196172,2023-02,pre_2025_shift,0.0,-4077.0,-151.42857142857142,0.2500505644488088,0.7999676400617722,Monday,False,False,1
2023-02-21,184.0,314.0,217.0,7967,213.0,1.0,0.6910828025477707,0.02673528304255052,430.0,184.0,2.3369565217391304,2023-02,pre_2025_shift,-29.0,-4106.0,-122.85714285714286,0.22743442349572093,0.8147074750861314,Tuesday,False,False,1
2023-02-22,107.0,215.0,230.0,7978,232.0,1.0,1.069767441860465,0.029079969917272498,462.0,107.0,4.317757009345795,2023-02,pre_2025_shift,-125.0,-4231.0,-108.57142857142857,0.2277413691003662,0.8145037914074322,Wednesday,False,False,1
2023-02-23,101.0,162.0,178.0,7914,386.0,1.0,1.0987654320987654,0.04877432398281526,564.0,101.0,5.584158415841584,2023-02,pre_2025_shift,-285.0,-4516.0,-141.0,0.24553684285681757,0.8028666560407449,Thursday,False,False,1
2023-02-26,99.0,190.0,176.0,7609,323.0,3.0,0.9263157894736842,0.04244973058220528,499.0,99.0,5.040404040404041,2023-02,pre_2025_shift,-224.0,-4740.0,-163.14285714285714,0.2414143054896664,0.8055328471549694,Sunday,True,False,1
2023-02-27,167.0,239.0,166.0,7800,248.0,1.0,0.694560669456067,0.031794871794871796,414.0,167.0,2.4790419161676644,2023-02,pre_2025_shift,-81.0,-4821.0,-146.28571428571428,0.22668479094661706,0.8152053464593074,Monday,False,False,1
2023-02-28,115.0,216.0,169.0,7896,200.0,1.0,0.7824074074074074,0.025329280648429583,369.0,115.0,3.208695652173913,2023-02,pre_2025_shift,-85.0,-4906.0,-118.42857142857143,0.22710988575961819,0.8149229434175488,Tuesday,False,False,1
2023-03-01,84.0,158.0,193.0,7930,307.0,1.0,1.2215189873417722,0.03871374527112232,500.0,84.0,5.9523809523809526,2023-03,pre_2025_shift,-223.0,-5129.0,-150.28571428571428,0.22646951813754437,0.8153484332154869,Wednesday,False,False,1
2023-03-02,130.0,227.0,192.0,7870,335.0,1.0,0.8458149779735683,0.042566709021601014,527.0,130.0,4.053846153846154,2023-03,pre_2025_shift,-205.0,-5334.0,-175.42857142857142,0.22302989143650565,0.817641504105393,Thursday,False,False,1
2023-03-07,88.0,214.0,160.0,7859,259.0,5.0,0.7476635514018691,0.03295584679984731,419.0,88.0,4.761363636363637,2023-03,pre_2025_shift,-171.0,-5505.0,-182.0,0.22068059283411998,0.819215121359672,Tuesday,False,False,1
2023-03-08,113.0,208.0,159.0,7885,291.0,1.0,0.7644230769230769,0.03690551680405834,450.0,113.0,3.982300884955752,2023-03,pre_2025_shift,-178.0,-5683.0,-166.71428571428572,0.21831751304781036,0.8208040919467248,Wednesday,False,False,1
2023-03-09,174.0,285.0,150.0,7786,340.0,1.0,0.5263157894736842,0.043668122270742356,490.0,174.0,2.8160919540229883,2023-03,pre_2025_shift,-166.0,-5849.0,-158.42857142857142,0.21321339733585856,0.8242573006496121,Thursday,False,False,1
2023-03-13,104.0,230.0,206.0,7567,249.0,4.0,0.8956521739130435,0.032906039381525046,455.0,104.0,4.375,2023-03,pre_2025_shift,-145.0,-5994.0,-167.57142857142858,0.2163183958235991,0.8221531495648189,Monday,False,False,1
2023-03-14,147.0,276.0,214.0,7810,181.0,1.0,0.7753623188405797,0.023175416133162614,395.0,147.0,2.687074829931973,2023-03,pre_2025_shift,-34.0,-6028.0,-160.28571428571428,0.22994405958640576,0.8130451073817705,Tuesday,False,False,1
2023-03-15,108.0,220.0,213.0,7915,286.0,1.0,0.9681818181818181,0.0361339229311434,499.0,108.0,4.62037037037037,2023-03,pre_2025_shift,-178.0,-6206.0,-153.85714285714286,0.21674445780645443,0.8218652598613837,Wednesday,False,False,1
2023-03-16,180.0,280.0,146.0,7989,308.0,1.0,0.5214285714285715,0.03855301038928527,454.0,180.0,2.522222222222222,2023-03,pre_2025_shift,-128.0,-6334.0,-142.85714285714286,0.20190251381239677,0.832014234522259,Thursday,False,False,1
2023-03-19,134.0,294.0,186.0,7885,306.0,3.0,0.6326530612244898,0.03880786303107166,492.0,134.0,3.671641791044776,2023-03,pre_2025_shift,-172.0,-6506.0,-143.0,0.19138935208255406,0.839356167026334,Sunday,True,False,1
2023-03-20,202.0,313.0,158.0,7931,279.0,1.0,0.5047923322683706,0.03517841381919052,437.0,202.0,2.1633663366336635,2023-03,pre_2025_shift,-77.0,-6583.0,-128.57142857142858,0.17042831181962959,0.854388081612047,Monday,False,False,1
2023-03-21,110.0,272.0,193.0,8050,221.0,1.0,0.7095588235294118,0.02745341614906832,414.0,110.0,3.7636363636363637,2023-03,pre_2025_shift,-111.0,-6694.0,-120.71428571428571,0.17661407680584604,0.8498963421504354,Tuesday,False,False,1
2023-03-22,166.0,277.0,229.0,8097,246.0,1.0,0.8267148014440433,0.030381622823267878,475.0,166.0,2.86144578313253,2023-03,pre_2025_shift,-80.0,-6774.0,-111.42857142857143,0.17889956329736212,0.8482486813406029,Wednesday,False,False,1
2023-03-23,136.0,276.0,178.0,8102,331.0,1.0,0.644927536231884,0.040854110096272524,509.0,136.0,3.7426470588235294,2023-03,pre_2025_shift,-195.0,-6969.0,-134.42857142857142,0.16241007887565886,0.8602815978395938,Thursday,False,False,1
2023-03-26,87.0,246.0,173.0,7847,352.0,3.0,0.7032520325203252,0.04485790748056582,525.0,87.0,6.0344827586206895,2023-03,pre_2025_shift,-265.0,-7234.0,-146.85714285714286,0.17346687249984294,0.8521757396267136,Sunday,True,False,1
2023-03-27,84.0,171.0,157.0,7994,235.0,1.0,0.9181286549707602,0.02939704778583938,392.0,84.0,4.666666666666667,2023-03,pre_2025_shift,-151.0,-7385.0,-150.14285714285714,0.1761487456873285,0.8502325948709922,Monday,False,False,1
2023-03-28,167.0,209.0,157.0,8079,223.0,1.0,0.7511961722488039,0.02760242604282708,380.0,167.0,2.2754491017964074,2023-03,pre_2025_shift,-56.0,-7441.0,-133.57142857142858,0.18674380188884568,0.8426418561515802,Tuesday,False,False,1
2023-03-29,109.0,245.0,159.0,8208,267.0,1.0,0.6489795918367347,0.03252923976608187,426.0,109.0,3.908256880733945,2023-03,pre_2025_shift,-158.0,-7599.0,-145.14285714285714,0.18818670005532728,0.8416185772433201,Wednesday,False,False,1
2023-03-30,156.0,256.0,176.0,8158,359.0,1.0,0.6875,0.04400588379504781,535.0,156.0,3.4294871794871793,2023-03,pre_2025_shift,-203.0,-7802.0,-158.28571428571428,0.18915173382183162,0.8409355774860504,Thursday,False,False,1
2023-04-02,125.0,232.0,192.0,7981,304.0,3.0,0.8275862068965517,0.03809046485402832,496.0,125.0,3.968,2023-04,pre_2025_shift,-179.0,-7981.0,-172.42857142857142,0.18870980035969204,0.8412482169301622,Sunday,True,False,1
2023-04-03,118.0,139.0,168.0,8054,284.0,1.0,1.20863309352518,0.03526198162403774,452.0,118.0,3.830508474576271,2023-04,pre_2025_shift,-166.0,-8147.0,-168.28571428571428,0.15852132197786917,0.8631692667449263,Monday,False,False,1
2023-04-04,142.0,235.0,139.0,8068,259.0,1.0,0.5914893617021276,0.03210213187902826,398.0,142.0,2.8028169014084505,2023-04,pre_2025_shift,-117.0,-8264.0,-147.14285714285714,0.16195273874468116,0.8606202013692509,Tuesday,False,False,1
2023-04-05,148.0,245.0,175.0,8175,260.0,1.0,0.7142857142857143,0.031804281345565746,435.0,148.0,2.939189189189189,2023-04,pre_2025_shift,-112.0,-8376.0,-141.57142857142858,0.16404239689137293,0.8590752387288852,Wednesday,False,False,1
2023-04-06,119.0,219.0,210.0,8178,284.0,1.0,0.958904109589041,0.0347273171924676,494.0,119.0,4.151260504201681,2023-04,pre_2025_shift,-165.0,-8541.0,-157.14285714285714,0.16216862579347266,0.8604603306316656,Thursday,False,False,1
2023-04-09,105.0,210.0,149.0,7900,329.0,3.0,0.7095238095238096,0.04164556962025316,478.0,105.0,4.552380952380952,2023-04,pre_2025_shift,-224.0,-8765.0,-166.57142857142858,0.16887569833983934,0.8555229622964234,Sunday,True,False,1
2023-04-10,143.0,203.0,163.0,7826,265.0,1.0,0.8029556650246306,0.03386148734985944,428.0,143.0,2.993006993006993,2023-04,pre_2025_shift,-122.0,-8887.0,-155.0,0.1554809463506874,0.8654404931195645,Monday,False,False,1
2023-04-11,119.0,209.0,152.0,7922,187.0,1.0,0.7272727272727273,0.023605150214592276,339.0,119.0,2.8487394957983194,2023-04,pre_2025_shift,-68.0,-8955.0,-139.14285714285714,0.17854456548151604,0.8485041883769848,Tuesday,False,False,1
2023-04-12,155.0,212.0,181.0,7876,283.0,1.0,0.8537735849056604,0.035931945149822245,464.0,155.0,2.9935483870967743,2023-04,pre_2025_shift,-128.0,-9083.0,-133.71428571428572,0.17405607274687782,0.8517480750815862,Wednesday,False,False,1
2023-04-13,109.0,214.0,173.0,7795,370.0,1.0,0.8084112149532711,0.04746632456703015,543.0,109.0,4.981651376146789,2023-04,pre_2025_shift,-261.0,-9344.0,-154.28571428571428,0.18367327809408687,0.8448277227396468,Thursday,False,False,1
2023-04-16,191.0,283.0,192.0,7380,272.0,3.0,0.6784452296819788,0.03685636856368564,464.0,191.0,2.4293193717277486,2023-04,pre_2025_shift,-81.0,-9425.0,-149.85714285714286,0.1757734409923286,0.8505039875335342,Sunday,True,False,1
2023-04-17,170.0,297.0,196.0,7344,248.0,1.0,0.6599326599326599,0.03376906318082789,444.0,170.0,2.611764705882353,2023-04,pre_2025_shift,-78.0,-9503.0,-137.42857142857142,0.16279169305448077,0.8599992638175362,Monday,False,False,1
2023-04-18,152.0,272.0,214.0,7376,234.0,1.0,0.7867647058823529,0.03172451193058568,448.0,152.0,2.9473684210526314,2023-04,pre_2025_shift,-82.0,-9585.0,-117.14285714285714,0.16414034395183577,0.8590029588746674,Tuesday,False,False,1
2023-04-19,239.0,367.0,224.0,7356,229.0,1.0,0.6103542234332425,0.0311310494834149,453.0,239.0,1.895397489539749,2023-04,pre_2025_shift,10.0,-9575.0,-98.28571428571429,0.15719131212298784,0.8641613443894562,Wednesday,False,True,2
2023-04-20,113.0,280.0,237.0,7490,320.0,1.0,0.8464285714285714,0.042723631508678236,557.0,113.0,4.929203539823009,2023-04,pre_2025_shift,-207.0,-9782.0,-118.14285714285714,0.16537036087341384,0.8580963044662702,Thursday,False,False,3
2023-04-23,196.0,306.0,187.0,7534,266.0,3.0,0.6111111111111112,0.03530661003451022,453.0,196.0,2.311224489795918,2023-04,pre_2025_shift,-70.0,-9852.0,-109.85714285714286,0.16535699349006788,0.858106147374764,Sunday,True,False,3
2023-04-24,236.0,330.0,222.0,7796,213.0,1.0,0.6727272727272727,0.027321703437660338,435.0,236.0,1.8432203389830508,2023-04,pre_2025_shift,23.0,-9829.0,-69.28571428571429,0.1763388278810247,0.8500952075188496,Monday,False,True,4
2023-04-25,81.0,230.0,242.0,8017,202.0,1.0,1.0521739130434782,0.025196457527753523,444.0,81.0,5.481481481481482,2023-04,pre_2025_shift,-121.0,-9950.0,-75.0,0.1929064424988473,0.8382887076250879,Tuesday,False,False,5
2023-04-26,118.0,245.0,160.0,8117,256.0,1.0,0.6530612244897959,0.03153874584205987,416.0,118.0,3.5254237288135593,2023-04,pre_2025_shift,-138.0,-10088.0,-83.57142857142857,0.1954124019474113,0.8365313914854232,Wednesday,False,False,5
2023-04-27,218.0,283.0,208.0,8159,310.0,1.0,0.734982332155477,0.03799485231033215,518.0,218.0,2.376146788990826,2023-04,pre_2025_shift,-92.0,-10180.0,-85.0,0.1895738501090863,0.8406371743194406,Thursday,False,False,5
2023-04-30,132.0,243.0,183.0,8352,293.0,3.0,0.7530864197530864,0.03508141762452107,476.0,132.0,3.606060606060606,2023-04,pre_2025_shift,-161.0,-10341.0,-109.42857142857143,0.1893197396020004,0.8408167851772517,Sunday,True,False,5
2023-05-01,224.0,315.0,152.0,8492,237.0,1.0,0.48253968253968255,0.027908619877531796,389.0,224.0,1.7366071428571428,2023-05,pre_2025_shift,-13.0,-10354.0,-81.71428571428571,0.17460252835209347,0.8513518197538261,Monday,False,False,5
2023-05-02,167.0,326.0,213.0,8654,245.0,1.0,0.6533742331288344,0.028310607811416685,458.0,167.0,2.7425149700598803,2023-05,pre_2025_shift,-78.0,-10432.0,-82.85714285714286,0.18282078400060608,0.845436615188432,Tuesday,False,False,5
2023-05-03,209.0,353.0,232.0,8704,267.0,1.0,0.6572237960339944,0.030675551470588234,499.0,209.0,2.38755980861244,2023-05,pre_2025_shift,-58.0,-10490.0,-94.42857142857143,0.14648472841890914,0.8722314176649147,Wednesday,False,False,5
2023-05-04,153.0,253.0,286.0,8790,332.0,1.0,1.1304347826086956,0.03777019340159272,618.0,153.0,4.03921568627451,2023-05,pre_2025_shift,-179.0,-10669.0,-102.71428571428571,0.14832099217234798,0.8708366448202255,Thursday,False,False,5
2023-05-07,180.0,337.0,219.0,8485,375.0,3.0,0.6498516320474778,0.04419563936358279,594.0,180.0,3.3,2023-05,pre_2025_shift,-195.0,-10864.0,-110.85714285714286,0.17230961174699153,0.8530169760442265,Sunday,True,False,5
2023-05-08,133.0,287.0,189.0,8590,261.0,1.0,0.6585365853658537,0.03038416763678696,450.0,133.0,3.3834586466165413,2023-05,pre_2025_shift,-128.0,-10992.0,-116.0,0.17401357433674502,0.8517789077225505,Monday,False,False,5
2023-05-09,187.0,310.0,247.0,8606,250.0,1.0,0.7967741935483871,0.029049500348594003,497.0,187.0,2.657754010695187,2023-05,pre_2025_shift,-63.0,-11055.0,-102.0,0.1773577342332808,0.8493595199858438,Tuesday,False,False,5
2023-05-10,168.0,285.0,210.0,8681,304.0,1.0,0.7368421052631579,0.03501900702684022,514.0,168.0,3.0595238095238093,2023-05,pre_2025_shift,-136.0,-11191.0,-119.57142857142857,0.1605301341377803,0.8616751694629226,Wednesday,False,False,5
2023-05-11,269.0,412.0,204.0,8672,392.0,1.0,0.49514563106796117,0.045202952029520294,596.0,269.0,2.2156133828996283,2023-05,pre_2025_shift,-123.0,-11314.0,-126.0,0.18654304899915225,0.8427844239140745,Thursday,False,False,5
2023-05-14,100.0,255.0,236.0,8445,288.0,3.0,0.9254901960784314,0.03410301953818828,524.0,100.0,5.24,2023-05,pre_2025_shift,-188.0,-11502.0,-144.57142857142858,0.17677636596782456,0.8497791329940272,Sunday,True,False,5
2023-05-15,205.0,294.0,177.0,8571,277.0,1.0,0.6020408163265306,0.03231828258079571,454.0,205.0,2.2146341463414636,2023-05,pre_2025_shift,-72.0,-11574.0,-129.28571428571428,0.15947882445411163,0.8624564579442017,Monday,False,False,5
2023-05-16,161.0,304.0,211.0,8572,272.0,1.0,0.694078947368421,0.03173121791880541,483.0,161.0,3.0,2023-05,pre_2025_shift,-111.0,-11685.0,-117.28571428571429,0.15920703991823587,0.8626586671441665,Tuesday,False,False,5
2023-05-17,57.0,162.0,193.0,8569,307.0,1.0,1.191358024691358,0.03582681759831952,500.0,57.0,8.771929824561404,2023-05,pre_2025_shift,-250.0,-11935.0,-134.71428571428572,0.15747280077774836,0.8639511868685497,Wednesday,False,False,5
2023-05-18,80.0,122.0,152.0,8474,351.0,1.0,1.2459016393442623,0.041420816615529855,503.0,80.0,6.2875,2023-05,pre_2025_shift,-271.0,-12206.0,-164.42857142857142,0.1653652107058224,0.8581000967021607,Thursday,False,False,5
2023-05-21,107.0,170.0,133.0,7826,343.0,3.0,0.7823529411764706,0.04382826475849732,476.0,107.0,4.4485981308411215,2023-05,pre_2025_shift,-236.0,-12442.0,-178.71428571428572,0.16444642632583015,0.8587771643177207,Sunday,True,False,5
2023-05-22,99.0,156.0,139.0,7848,240.0,1.0,0.8910256410256411,0.03058103975535168,379.0,99.0,3.8282828282828283,2023-05,pre_2025_shift,-141.0,-12583.0,-181.28571428571428,0.15835889062920475,0.8632903050079873,Monday,False,False,5
2023-05-23,25.0,66.0,94.0,7788,246.0,1.0,1.4242424242424243,0.031587057010785825,340.0,25.0,13.6,2023-05,pre_2025_shift,-221.0,-12804.0,-186.0,0.15642577537997973,0.8647334064059743,Tuesday,False,False,5
2023-05-24,35.0,70.0,53.0,7709,276.0,1.0,0.7571428571428571,0.0358023089894928,329.0,35.0,9.4,2023-05,pre_2025_shift,-241.0,-13045.0,-210.14285714285714,0.1563412079816124,0.864796647475268,Wednesday,False,False,5
2023-05-25,43.0,73.0,64.0,7546,408.0,1.0,0.8767123287671232,0.05406838059899284,472.0,43.0,10.976744186046512,2023-05,pre_2025_shift,-365.0,-13410.0,-246.42857142857142,0.1957586240831891,0.8362891806586126,Thursday,False,False,5
2023-05-29,41.0,60.0,71.0,6996,207.0,4.0,1.1833333333333333,0.029588336192109776,278.0,41.0,6.780487804878049,2023-05,pre_2025_shift,-166.0,-13576.0,-234.42857142857142,0.19758199260307194,0.8350158955099128,Monday,False,False,5
2023-05-30,65.0,83.0,65.0,7046,168.0,1.0,0.7831325301204819,0.023843315356230486,233.0,65.0,3.5846153846153848,2023-05,pre_2025_shift,-103.0,-13679.0,-210.42857142857142,0.2142092711885624,0.8235812587900291,Tuesday,False,False,5
2023-05-31,38.0,80.0,82.0,7053,210.0,1.0,1.025,0.029774564015312633,292.0,38.0,7.684210526315789,2023-05,pre_2025_shift,-172.0,-13851.0,-201.28571428571428,0.22149288580609272,0.8186703431678817,Wednesday,False,False,5
2023-06-01,56.0,82.0,68.0,7002,287.0,1.0,0.8292682926829268,0.040988289060268496,355.0,56.0,6.339285714285714,2023-06,pre_2025_shift,-231.0,-14082.0,-214.14285714285714,0.21444351030054754,0.8234224083033079,Thursday,False,False,5
2023-06-04,74.0,103.0,80.0,6555,292.0,3.0,0.7766990291262136,0.04454614797864226,372.0,74.0,5.027027027027027,2023-06,pre_2025_shift,-218.0,-14300.0,-213.71428571428572,0.22020226357408756,0.8195362603826891,Sunday,True,False,5
2023-06-05,68.0,107.0,102.0,6523,189.0,1.0,0.9532710280373832,0.02897439828299862,291.0,68.0,4.279411764705882,2023-06,pre_2025_shift,-121.0,-14421.0,-196.57142857142858,0.22645175053544087,0.8153602451653095,Monday,False,False,5
2023-06-06,92.0,124.0,93.0,6508,187.0,1.0,0.75,0.028733866011063307,280.0,92.0,3.0434782608695654,2023-06,pre_2025_shift,-95.0,-14516.0,-158.0,0.23218600410360368,0.8115657836314125,Tuesday,False,False,5
2023-06-07,113.0,162.0,107.0,6483,208.0,1.0,0.6604938271604939,0.032083911769242635,315.0,113.0,2.7876106194690267,2023-06,pre_2025_shift,-95.0,-14611.0,-147.85714285714286,0.2354977122924665,0.8093904100757092,Wednesday,False,False,5
2023-06-08,106.0,196.0,131.0,6446,255.0,1.0,0.6683673469387755,0.0395594166925225,386.0,106.0,3.641509433962264,2023-06,pre_2025_shift,-149.0,-14760.0,-154.42857142857142,0.2338703672878144,0.8104579107431782,Thursday,False,False,5
2023-06-11,86.0,152.0,168.0,6007,238.0,3.0,1.105263157894737,0.039620442816713834,406.0,86.0,4.72093023255814,2023-06,pre_2025_shift,-152.0,-14912.0,-151.57142857142858,0.22836861572509715,0.8140878781811819,Sunday,True,False,5
2023-06-12,84.0,118.0,136.0,6021,177.0,1.0,1.152542372881356,0.029397110114598904,313.0,84.0,3.7261904761904763,2023-06,pre_2025_shift,-93.0,-15005.0,-131.85714285714286,0.23053362062890906,0.8126555692878294,Monday,False,False,5
2023-06-13,59.0,64.0,117.0,6061,146.0,1.0,1.828125,0.024088434251773636,263.0,59.0,4.4576271186440675,2023-06,pre_2025_shift,-87.0,-15092.0,-113.14285714285714,0.24789435719106825,0.801349885298734,Tuesday,False,False,5
2023-06-14,62.0,97.0,52.0,6065,167.0,1.0,0.5360824742268041,0.027535037098103874,219.0,62.0,3.532258064516129,2023-06,pre_2025_shift,-105.0,-15197.0,-110.85714285714286,0.25747585034026627,0.7952439004927254,Wednesday,False,False,5
2023-06-15,91.0,75.0,97.0,6038,272.0,1.0,1.2933333333333332,0.045048029148724744,369.0,91.0,4.054945054945055,2023-06,pre_2025_shift,-181.0,-15378.0,-123.14285714285714,0.22028865377003007,0.8194782414066888,Thursday,False,False,5
2023-06-19,29.0,51.0,11.0,5679,142.0,4.0,0.21568627450980393,0.02500440218348301,153.0,29.0,5.275862068965517,2023-06,pre_2025_shift,-113.0,-15491.0,-125.71428571428571,0.2306852210557855,0.8125554633232012,Monday,False,False,5
2023-06-20,33.0,53.0,34.0,5904,134.0,1.0,0.6415094339622641,0.022696476964769646,168.0,33.0,5.090909090909091,2023-06,pre_2025_shift,-101.0,-15592.0,-118.85714285714286,0.23461986405950508,0.8099659086254608,Tuesday,False,False,5
2023-06-21,93.0,196.0,169.0,5922,149.0,1.0,0.8622448979591837,0.025160418777440054,318.0,93.0,3.4193548387096775,2023-06,pre_2025_shift,-56.0,-15648.0,-105.14285714285714,0.24415969183043199,0.8037553431173939,Wednesday,False,False,5
2023-06-22,124.0,234.0,161.0,5956,207.0,1.0,0.688034188034188,0.03475486903962391,368.0,124.0,2.967741935483871,2023-06,pre_2025_shift,-83.0,-15731.0,-103.71428571428571,0.23648408647964414,0.808744739163663,Thursday,False,False,5
2023-06-25,92.0,203.0,173.0,5766,263.0,3.0,0.8522167487684729,0.0456122095039889,436.0,92.0,4.739130434782608,2023-06,pre_2025_shift,-171.0,-15902.0,-115.71428571428571,0.24032140623048798,0.8062426359625134,Sunday,True,False,5
2023-06-26,186.0,259.0,172.0,5819,174.0,1.0,0.6640926640926641,0.02990204502491837,346.0,186.0,1.8602150537634408,2023-06,pre_2025_shift,12.0,-15890.0,-99.0,0.23906838510991768,0.8070579574276604,Monday,False,True,6
2023-06-27,154.0,225.0,220.0,5917,155.0,1.0,0.9777777777777777,0.026195707284096672,375.0,154.0,2.435064935064935,2023-06,pre_2025_shift,-1.0,-15891.0,-73.28571428571429,0.2440142334633158,0.8038493235049377,Tuesday,False,False,7
2023-06-28,91.0,199.0,172.0,5999,174.0,1.0,0.864321608040201,0.02900483413902317,346.0,91.0,3.802197802197802,2023-06,pre_2025_shift,-83.0,-15974.0,-69.0,0.2469052475522855,0.8019855574134697,Wednesday,False,False,7
2023-06-29,81.0,213.0,153.0,6058,213.0,1.0,0.7183098591549296,0.035160118851105975,366.0,81.0,4.518518518518518,2023-06,pre_2025_shift,-132.0,-16106.0,-73.42857142857143,0.24120147548833326,0.8056709726408954,Thursday,False,False,7
2023-07-02,209.0,285.0,184.0,5903,309.0,3.0,0.6456140350877193,0.05234626461121464,493.0,209.0,2.3588516746411483,2023-07,pre_2025_shift,-100.0,-16206.0,-79.71428571428571,0.2855739494003658,0.7778626818522832,Sunday,True,False,7
2023-07-04,184.0,314.0,217.0,6127,124.0,2.0,0.6910828025477707,0.020238289538110004,341.0,184.0,1.8532608695652173,2023-07,pre_2025_shift,60.0,-16146.0,-59.285714285714285,0.3082411000290471,0.7643850968890955,Tuesday,False,True,8
2023-07-05,107.0,215.0,230.0,6193,167.0,1.0,1.069767441860465,0.02696592927498789,397.0,107.0,3.710280373831776,2023-07,pre_2025_shift,-60.0,-16206.0,-43.42857142857143,0.30179517398877914,0.7681700009195298,Wednesday,False,False,9
2023-07-06,101.0,162.0,178.0,6239,205.0,1.0,1.0987654320987654,0.03285782978041353,383.0,101.0,3.792079207920792,2023-07,pre_2025_shift,-104.0,-16310.0,-60.0,0.29580944399510983,0.7717184070806741,Thursday,False,False,9
2023-07-09,99.0,190.0,176.0,6214,196.0,3.0,0.9263157894736842,0.03154168007724493,372.0,99.0,3.757575757575758,2023-07,pre_2025_shift,-97.0,-16407.0,-73.71428571428571,0.2810941777166004,0.78058273731474,Sunday,True,False,9
2023-07-10,167.0,239.0,166.0,6346,163.0,1.0,0.694560669456067,0.025685471162937283,329.0,167.0,1.970059880239521,2023-07,pre_2025_shift,4.0,-16403.0,-61.285714285714285,0.2795255539078452,0.7815396862890811,Monday,False,True,10
2023-07-11,115.0,216.0,169.0,6498,143.0,1.0,0.7824074074074074,0.02200677131425054,312.0,115.0,2.7130434782608694,2023-07,pre_2025_shift,-28.0,-16431.0,-46.42857142857143,0.2816920784089813,0.7802186007432786,Tuesday,False,False,11
2023-07-12,84.0,158.0,193.0,6521,210.0,1.0,1.2215189873417722,0.032203649746971326,403.0,84.0,4.7976190476190474,2023-07,pre_2025_shift,-126.0,-16557.0,-50.142857142857146,0.27171620716032796,0.7863389601937564,Wednesday,False,False,11
2023-07-13,130.0,227.0,192.0,6604,226.0,1.0,0.8458149779735683,0.03422168382798304,418.0,130.0,3.2153846153846155,2023-07,pre_2025_shift,-96.0,-16653.0,-72.42857142857143,0.2716285527935884,0.7863931631632061,Thursday,False,False,11
2023-07-16,88.0,214.0,160.0,6468,218.0,3.0,0.7476635514018691,0.03370439084724799,378.0,88.0,4.295454545454546,2023-07,pre_2025_shift,-130.0,-16783.0,-82.42857142857143,0.2485907943069004,0.8009029095518084,Sunday,True,False,11
2023-07-17,113.0,208.0,159.0,6632,160.0,1.0,0.7644230769230769,0.024125452352231604,319.0,113.0,2.8230088495575223,2023-07,pre_2025_shift,-47.0,-16830.0,-74.28571428571429,0.258791060634579,0.7944130136226755,Monday,False,False,11
2023-07-18,174.0,285.0,150.0,6874,181.0,1.0,0.5263157894736842,0.026331102705848125,331.0,174.0,1.9022988505747127,2023-07,pre_2025_shift,-7.0,-16837.0,-61.42857142857143,0.25852704533718435,0.7945796665276114,Tuesday,False,False,11
2023-07-19,104.0,230.0,206.0,7001,226.0,1.0,0.8956521739130435,0.03228110269961434,432.0,104.0,4.153846153846154,2023-07,pre_2025_shift,-122.0,-16959.0,-79.42857142857143,0.2566279987477082,0.795780454515218,Wednesday,False,False,11
2023-07-20,147.0,276.0,214.0,7116,281.0,1.0,0.7753623188405797,0.0394884766722878,495.0,147.0,3.36734693877551,2023-07,pre_2025_shift,-134.0,-17093.0,-94.57142857142857,0.2627553313498604,0.7919190481112599,Thursday,False,False,11
2023-07-23,108.0,220.0,213.0,7052,276.0,3.0,0.9681818181818181,0.039137833238797506,489.0,108.0,4.527777777777778,2023-07,pre_2025_shift,-168.0,-17261.0,-100.57142857142857,0.1980422643347553,0.834695093628668,Sunday,True,False,11
2023-07-24,180.0,280.0,146.0,7220,187.0,1.0,0.5214285714285715,0.025900277008310248,333.0,180.0,1.85,2023-07,pre_2025_shift,-7.0,-17268.0,-87.85714285714286,0.17730441477121167,0.8493979870060474,Monday,False,False,11
2023-07-25,134.0,294.0,186.0,7510,136.0,1.0,0.6326530612244898,0.018109187749667112,322.0,134.0,2.4029850746268657,2023-07,pre_2025_shift,-2.0,-17270.0,-69.57142857142857,0.21079434257170576,0.8259040902652531,Tuesday,False,False,11
2023-07-26,202.0,313.0,158.0,7647,215.0,1.0,0.5047923322683706,0.028115600889237608,373.0,202.0,1.8465346534653466,2023-07,pre_2025_shift,-13.0,-17283.0,-64.71428571428571,0.21158062924584684,0.825368098384384,Wednesday,False,False,11
2023-07-27,110.0,272.0,193.0,7754,259.0,1.0,0.7095588235294118,0.03340211503740005,452.0,110.0,4.109090909090909,2023-07,pre_2025_shift,-149.0,-17432.0,-85.0,0.2128773250913283,0.8244856914319023,Thursday,False,False,11
2023-07-30,166.0,277.0,229.0,7671,305.0,3.0,0.8267148014440433,0.03976013557554426,534.0,166.0,3.216867469879518,2023-07,pre_2025_shift,-139.0,-17571.0,-87.42857142857143,0.21997064727156765,0.8196918526166788,Sunday,True,False,11
2023-07-31,136.0,276.0,178.0,7800,220.0,1.0,0.644927536231884,0.028205128205128206,398.0,136.0,2.926470588235294,2023-07,pre_2025_shift,-84.0,-17655.0,-80.28571428571429,0.2033343967365262,0.8310241963597365,Monday,False,False,11
2023-08-01,87.0,246.0,173.0,8103,168.0,1.0,0.7032520325203252,0.02073306182895224,341.0,87.0,3.9195402298850577,2023-08,pre_2025_shift,-81.0,-17736.0,-67.85714285714286,0.22737483275624906,0.8147470302567262,Tuesday,False,False,11
2023-08-02,84.0,171.0,157.0,8261,271.0,1.0,0.9181286549707602,0.03280474518823387,428.0,84.0,5.095238095238095,2023-08,pre_2025_shift,-187.0,-17923.0,-93.57142857142857,0.2263903195720704,0.8154010872728792,Wednesday,False,False,11
2023-08-03,167.0,209.0,157.0,8294,339.0,1.0,0.7511961722488039,0.04087292018326501,496.0,167.0,2.970059880239521,2023-08,pre_2025_shift,-172.0,-18095.0,-117.85714285714286,0.24006020155943206,0.806412461864718,Thursday,False,False,11
2023-08-06,109.0,245.0,159.0,8298,322.0,3.0,0.6489795918367347,0.03880453121234032,481.0,109.0,4.412844036697248,2023-08,pre_2025_shift,-213.0,-18308.0,-146.42857142857142,0.23346745232346244,0.8107226486733123,Sunday,True,False,11
2023-08-07,156.0,256.0,176.0,8493,202.0,1.0,0.6875,0.023784292947132933,378.0,156.0,2.423076923076923,2023-08,pre_2025_shift,-46.0,-18354.0,-131.71428571428572,0.24025876648129257,0.8062833555589978,Monday,False,False,11
2023-08-08,125.0,232.0,192.0,8725,207.0,1.0,0.8275862068965517,0.02372492836676218,399.0,125.0,3.192,2023-08,pre_2025_shift,-82.0,-18436.0,-123.57142857142857,0.2538957939213092,0.7975144384787346,Tuesday,False,False,11
2023-08-09,118.0,139.0,168.0,8888,251.0,1.0,1.20863309352518,0.02824032403240324,419.0,118.0,3.5508474576271185,2023-08,pre_2025_shift,-133.0,-18569.0,-130.57142857142858,0.2481098536675753,0.8012115256213197,Wednesday,False,False,11
2023-08-10,142.0,235.0,139.0,8914,353.0,1.0,0.5914893617021276,0.03960062822526363,492.0,142.0,3.464788732394366,2023-08,pre_2025_shift,-211.0,-18780.0,-149.14285714285714,0.24929369145006278,0.8004522930387121,Thursday,False,False,11
2023-08-16,148.0,245.0,175.0,9634,288.0,6.0,0.7142857142857143,0.029894124974050237,463.0,148.0,3.1283783783783785,2023-08,pre_2025_shift,-140.0,-18920.0,-142.42857142857142,0.2437219618852145,0.8040382261033773,Wednesday,False,False,11
2023-08-17,119.0,219.0,210.0,9694,407.0,1.0,0.958904109589041,0.04198473282442748,617.0,119.0,5.184873949579832,2023-08,pre_2025_shift,-288.0,-19208.0,-159.0,0.22104436860140775,0.8189710592952545,Thursday,False,False,11
2023-08-20,105.0,210.0,149.0,9483,390.0,3.0,0.7095238095238096,0.041126225877886745,539.0,105.0,5.133333333333334,2023-08,pre_2025_shift,-285.0,-19493.0,-169.28571428571428,0.223266752757218,0.8174831840610567,Sunday,True,False,11
2023-08-21,143.0,203.0,163.0,9668,281.0,1.0,0.8029556650246306,0.029064956557716178,444.0,143.0,3.104895104895105,2023-08,pre_2025_shift,-138.0,-19631.0,-182.42857142857142,0.22768214416677587,0.8145430840966552,Monday,False,False,11
2023-08-22,119.0,209.0,152.0,9921,230.0,1.0,0.7272727272727273,0.023183146860195545,382.0,119.0,3.2100840336134455,2023-08,pre_2025_shift,-111.0,-19742.0,-186.57142857142858,0.23994689902990204,0.8064861493523396,Tuesday,False,False,11
2023-08-23,155.0,212.0,181.0,10071,285.0,1.0,0.8537735849056604,0.02829907655644921,466.0,155.0,3.0064516129032257,2023-08,pre_2025_shift,-130.0,-19872.0,-186.14285714285714,0.23979547171729715,0.8065846527208673,Wednesday,False,False,11
2023-08-24,109.0,214.0,173.0,10026,443.0,1.0,0.8084112149532711,0.044185118691402354,616.0,109.0,5.651376146788991,2023-08,pre_2025_shift,-334.0,-20206.0,-203.71428571428572,0.2280146923569636,0.814322504627914,Thursday,False,False,11
2023-08-27,191.0,283.0,192.0,9873,488.0,3.0,0.6784452296819788,0.049427732198926363,680.0,191.0,3.56020942408377,2023-08,pre_2025_shift,-297.0,-20503.0,-226.14285714285714,0.2532496329558066,0.7979256276672398,Sunday,True,False,11
2023-08-28,170.0,297.0,196.0,10012,388.0,1.0,0.6599326599326599,0.03875349580503396,584.0,170.0,3.4352941176470586,2023-08,pre_2025_shift,-218.0,-20721.0,-216.14285714285714,0.2513813808865223,0.7991168921592594,Monday,False,False,11
2023-08-29,152.0,272.0,214.0,10180,286.0,1.0,0.7867647058823529,0.028094302554027506,500.0,152.0,3.289473684210526,2023-08,pre_2025_shift,-134.0,-20855.0,-194.57142857142858,0.2584228264121193,0.7946454713087915,Tuesday,False,False,11
2023-08-30,239.0,367.0,224.0,10280,366.0,1.0,0.6103542234332425,0.035603112840466924,590.0,239.0,2.4686192468619246,2023-08,pre_2025_shift,-127.0,-20982.0,-193.0,0.2387335438317439,0.8072761127520004,Wednesday,False,False,11
2023-08-31,113.0,280.0,237.0,10140,505.0,1.0,0.8464285714285714,0.04980276134122288,742.0,113.0,6.566371681415929,2023-08,pre_2025_shift,-392.0,-21374.0,-233.14285714285714,0.23612135522726302,0.8089820597073565,Thursday,False,False,11
2023-09-04,196.0,306.0,187.0,9988,293.0,4.0,0.6111111111111112,0.02933520224269123,480.0,196.0,2.4489795918367347,2023-09,pre_2025_shift,-97.0,-21471.0,-228.42857142857142,0.23357495346035503,0.8106519974281711,Monday,False,False,11
2023-09-05,236.0,330.0,222.0,10142,243.0,1.0,0.6727272727272727,0.023959771248274503,465.0,236.0,1.9703389830508475,2023-09,pre_2025_shift,-7.0,-21478.0,-181.71428571428572,0.25650150258591475,0.7958605683653959,Tuesday,False,False,11
2023-09-06,81.0,230.0,242.0,10356,291.0,1.0,1.0521739130434782,0.02809965237543453,533.0,81.0,6.580246913580247,2023-09,pre_2025_shift,-210.0,-21688.0,-169.28571428571428,0.2600997012657072,0.7935879986286403,Wednesday,False,False,11
2023-09-07,118.0,245.0,160.0,10419,398.0,1.0,0.6530612244897959,0.03819944332469527,558.0,118.0,4.728813559322034,2023-09,pre_2025_shift,-280.0,-21968.0,-178.14285714285714,0.2573413798256448,0.795328950470611,Thursday,False,False,11
2023-09-10,218.0,283.0,208.0,10282,382.0,3.0,0.734982332155477,0.03715230499902743,590.0,218.0,2.706422018348624,2023-09,pre_2025_shift,-164.0,-22132.0,-182.42857142857142,0.25498192082937754,0.7968242278256342,Sunday,True,False,11
2023-09-11,132.0,243.0,183.0,10492,277.0,1.0,0.7530864197530864,0.02640106747998475,460.0,132.0,3.484848484848485,2023-09,pre_2025_shift,-145.0,-22277.0,-185.0,0.2608906356038203,0.7930901949486809,Monday,False,False,11
2023-09-12,224.0,315.0,152.0,10649,316.0,1.0,0.48253968253968255,0.02967414780730585,468.0,224.0,2.0892857142857144,2023-09,pre_2025_shift,-92.0,-22369.0,-142.14285714285714,0.24404191644435977,0.8038314358877355,Tuesday,False,False,11
2023-09-13,167.0,326.0,213.0,10678,343.0,1.0,0.6533742331288344,0.03212212024723731,556.0,167.0,3.3293413173652695,2023-09,pre_2025_shift,-176.0,-22545.0,-153.42857142857142,0.23744043401458687,0.8081197062195012,Wednesday,False,False,11
2023-09-14,209.0,353.0,232.0,10837,414.0,1.0,0.6572237960339944,0.038202454553843315,646.0,209.0,3.090909090909091,2023-09,pre_2025_shift,-205.0,-22750.0,-181.71428571428572,0.23001043638045882,0.8130012318779111,Thursday,False,False,11
2023-09-17,153.0,253.0,286.0,10799,427.0,3.0,1.1304347826086956,0.03954069821279748,713.0,153.0,4.660130718954249,2023-09,pre_2025_shift,-274.0,-23024.0,-190.85714285714286,0.20405927260851986,0.8305238975765388,Sunday,True,False,11
2023-09-18,180.0,337.0,219.0,10892,313.0,1.0,0.6498516320474778,0.028736687477047374,532.0,180.0,2.9555555555555557,2023-09,pre_2025_shift,-133.0,-23157.0,-169.85714285714286,0.20785656580741327,0.8279128733563925,Monday,False,False,11
2023-09-19,133.0,287.0,189.0,11095,260.0,1.0,0.6585365853658537,0.023433979269941414,449.0,133.0,3.3759398496240602,2023-09,pre_2025_shift,-127.0,-23284.0,-164.57142857142858,0.22116004436493944,0.818893481337286,Tuesday,False,False,11
2023-09-20,187.0,310.0,247.0,11064,364.0,1.0,0.7967741935483871,0.03289949385394071,611.0,187.0,3.267379679144385,2023-09,pre_2025_shift,-177.0,-23461.0,-169.14285714285714,0.22117489821098898,0.8188835206693093,Wednesday,False,False,11
2023-09-21,168.0,285.0,210.0,11067,428.0,1.0,0.7368421052631579,0.03867353392970091,638.0,168.0,3.7976190476190474,2023-09,pre_2025_shift,-260.0,-23721.0,-193.14285714285714,0.17680842391681675,0.8497559837918746,Thursday,False,False,11
2023-09-24,269.0,412.0,204.0,10744,403.0,3.0,0.49514563106796117,0.03750930752047654,607.0,269.0,2.2565055762081783,2023-09,pre_2025_shift,-134.0,-23855.0,-187.14285714285714,0.17784520073896576,0.8490080015375638,Sunday,True,False,11
2023-09-25,100.0,255.0,236.0,10842,284.0,1.0,0.9254901960784314,0.026194429072126914,520.0,100.0,5.2,2023-09,pre_2025_shift,-184.0,-24039.0,-184.14285714285714,0.17002048491244764,0.8546858904567212,Monday,False,False,11
2023-09-26,205.0,294.0,177.0,10978,332.0,1.0,0.6020408163265306,0.03024230278739297,509.0,205.0,2.4829268292682927,2023-09,pre_2025_shift,-127.0,-24166.0,-163.14285714285714,0.16599083332359232,0.8576396755620758,Tuesday,False,False,11
2023-09-27,161.0,304.0,211.0,11017,331.0,1.0,0.694078947368421,0.030044476717799765,542.0,161.0,3.3664596273291925,2023-09,pre_2025_shift,-170.0,-24336.0,-168.42857142857142,0.16305868325056963,0.8598018435365223,Wednesday,False,False,11
2023-09-28,57.0,162.0,193.0,10984,447.0,1.0,1.191358024691358,0.040695557174071376,640.0,57.0,11.228070175438596,2023-09,pre_2025_shift,-390.0,-24726.0,-206.0,0.1720126107347345,0.8532331400197991,Thursday,False,False,11
2023-10-01,80.0,122.0,152.0,10598,493.0,3.0,1.2459016393442623,0.046518210983204376,645.0,80.0,8.0625,2023-10,pre_2025_shift,-413.0,-25139.0,-239.71428571428572,0.18970169079614052,0.8405468427390453,Sunday,True,False,11
2023-10-02,107.0,170.0,133.0,10724,284.0,1.0,0.7823529411764706,0.02648265572547557,417.0,107.0,3.897196261682243,2023-10,pre_2025_shift,-177.0,-25316.0,-227.85714285714286,0.1973453000574076,0.8351809623773979,Monday,False,False,11
2023-10-03,99.0,156.0,139.0,10818,287.0,1.0,0.8910256410256411,0.026529857644666296,426.0,99.0,4.303030303030303,2023-10,pre_2025_shift,-188.0,-25504.0,-235.57142857142858,0.20761430057228147,0.8280789648864756,Tuesday,False,False,11
2023-10-04,25.0,66.0,94.0,10963,330.0,1.0,1.4242424242424243,0.030101249657940345,424.0,25.0,16.96,2023-10,pre_2025_shift,-305.0,-25809.0,-252.85714285714286,0.20801621379015814,0.8278034587486983,Wednesday,False,False,11
2023-10-05,35.0,70.0,53.0,11130,427.0,1.0,0.7571428571428571,0.038364779874213835,480.0,35.0,13.714285714285714,2023-10,pre_2025_shift,-392.0,-26201.0,-290.7142857142857,0.20596160450292106,0.8292137960828236,Thursday,False,False,11
2023-10-09,43.0,73.0,64.0,10815,282.0,4.0,0.8767123287671232,0.0260748959778086,346.0,43.0,8.046511627906977,2023-10,pre_2025_shift,-239.0,-26440.0,-300.57142857142856,0.2119145196492206,0.8251407040567863,Monday,False,False,11
2023-10-10,41.0,60.0,71.0,10910,257.0,1.0,1.1833333333333333,0.023556370302474795,328.0,41.0,8.0,2023-10,pre_2025_shift,-216.0,-26656.0,-275.7142857142857,0.21147987248389474,0.825436742873575,Tuesday,False,False,11
2023-10-11,65.0,83.0,65.0,10960,266.0,1.0,0.7831325301204819,0.02427007299270073,331.0,65.0,5.092307692307692,2023-10,pre_2025_shift,-201.0,-26857.0,-245.42857142857142,0.2260619414499717,0.8156194774444878,Wednesday,False,False,11
2023-10-12,38.0,80.0,82.0,10992,398.0,1.0,1.025,0.03620815138282387,480.0,38.0,12.631578947368421,2023-10,pre_2025_shift,-360.0,-27217.0,-271.57142857142856,0.22249502090292372,0.8179992416340551,Thursday,False,False,11
2023-10-15,56.0,82.0,68.0,10571,434.0,3.0,0.8292682926829268,0.04105571847507331,502.0,56.0,8.964285714285714,2023-10,pre_2025_shift,-378.0,-27595.0,-298.7142857142857,0.2296983540017576,0.8132075616314688,Sunday,True,False,11
2023-10-16,74.0,103.0,80.0,10629,331.0,1.0,0.7766990291262136,0.031141217424028603,411.0,74.0,5.554054054054054,2023-10,pre_2025_shift,-257.0,-27852.0,-291.85714285714283,0.22164819947375042,0.8185662618999235,Monday,False,False,11
2023-10-17,68.0,107.0,102.0,10630,315.0,1.0,0.9532710280373832,0.029633113828786452,417.0,68.0,6.132352941176471,2023-10,pre_2025_shift,-247.0,-28099.0,-271.14285714285717,0.22241088394405156,0.8180555434630513,Tuesday,False,False,11
2023-10-18,92.0,124.0,93.0,10511,393.0,1.0,0.75,0.037389401579297876,486.0,92.0,5.282608695652174,2023-10,pre_2025_shift,-301.0,-28400.0,-280.0,0.22187089313016084,0.8184170730495288,Wednesday,False,False,11
2023-10-19,113.0,162.0,107.0,10319,406.0,1.0,0.6604938271604939,0.03934489776141099,513.0,113.0,4.539823008849558,2023-10,pre_2025_shift,-293.0,-28693.0,-291.0,0.21927699926198962,0.8201581762021962,Thursday,False,False,11
2023-10-22,106.0,196.0,131.0,9506,454.0,3.0,0.6683673469387755,0.047759309909530825,585.0,106.0,5.518867924528302,2023-10,pre_2025_shift,-348.0,-29041.0,-312.0,0.22451193659767035,0.8166519003306075,Sunday,True,False,11
2023-10-23,86.0,152.0,168.0,9436,327.0,1.0,1.105263157894737,0.03465451462484104,495.0,86.0,5.755813953488372,2023-10,pre_2025_shift,-241.0,-29282.0,-295.0,0.21423297045240614,0.8235651842227724,Monday,False,False,11
2023-10-24,84.0,118.0,136.0,9396,300.0,1.0,1.152542372881356,0.031928480204342274,436.0,84.0,5.190476190476191,2023-10,pre_2025_shift,-216.0,-29498.0,-271.85714285714283,0.2042902958676183,0.8303645752451742,Tuesday,False,False,11
2023-10-25,59.0,64.0,117.0,9351,293.0,1.0,1.828125,0.03133354721420169,410.0,59.0,6.9491525423728815,2023-10,pre_2025_shift,-234.0,-29732.0,-268.57142857142856,0.20252827754704997,0.831581276441854,Wednesday,False,False,11
2023-10-26,62.0,97.0,52.0,9235,390.0,1.0,0.5360824742268041,0.04223064428803465,442.0,62.0,7.129032258064516,2023-10,pre_2025_shift,-328.0,-30060.0,-280.14285714285717,0.20889412598895218,0.8272022987802481,Thursday,False,False,11
2023-10-29,91.0,75.0,97.0,8925,418.0,3.0,1.2933333333333332,0.046834733893557426,515.0,91.0,5.65934065934066,2023-10,pre_2025_shift,-327.0,-30387.0,-283.85714285714283,0.21047850740505722,0.826119583191719,Sunday,True,False,11
2023-10-30,29.0,51.0,11.0,9026,278.0,1.0,0.21568627450980393,0.030799911367161533,289.0,29.0,9.96551724137931,2023-10,pre_2025_shift,-249.0,-30636.0,-277.57142857142856,0.18882917586926734,0.8411637435368322,Monday,False,False,11
2023-10-31,33.0,53.0,34.0,9072,295.0,1.0,0.6415094339622641,0.03251763668430335,329.0,33.0,9.969696969696969,2023-10,pre_2025_shift,-262.0,-30898.0,-265.2857142857143,0.16434190454307251,0.85885425586605,Tuesday,False,False,11
2023-11-01,132.0,235.0,197.0,9250,279.0,1.0,0.8382978723404255,0.03016216216216216,476.0,132.0,3.606060606060606,2023-11,pre_2025_shift,-147.0,-31045.0,-251.85714285714286,0.1730581419233689,0.8524726646203405,Wednesday,False,False,11
2023-11-02,174.0,208.0,256.0,9442,330.0,1.0,1.2307692307692308,0.03495022241050625,586.0,174.0,3.367816091954023,2023-11,pre_2025_shift,-156.0,-31201.0,-243.28571428571428,0.17087699996336309,0.8540606742051388,Thursday,False,False,11
2023-11-05,123.0,230.0,167.0,9273,370.0,3.0,0.7260869565217392,0.039900787231748086,537.0,123.0,4.365853658536586,2023-11,pre_2025_shift,-247.0,-31448.0,-245.14285714285714,0.16624960409014858,0.8574493800408631,Sunday,True,False,11
2023-11-06,123.0,233.0,159.0,9286,316.0,1.0,0.6824034334763949,0.034029722162395006,475.0,123.0,3.861788617886179,2023-11,pre_2025_shift,-193.0,-31641.0,-225.85714285714286,0.15748298985264136,0.8639435816912606,Monday,False,False,11
2023-11-07,141.0,232.0,188.0,9483,231.0,1.0,0.8103448275862069,0.024359379943055995,419.0,141.0,2.971631205673759,2023-11,pre_2025_shift,-90.0,-31731.0,-192.0,0.18576717051159097,0.843335879815729,Tuesday,False,False,11
2023-11-08,158.0,226.0,191.0,9634,310.0,1.0,0.8451327433628318,0.03217770396512352,501.0,158.0,3.170886075949367,2023-11,pre_2025_shift,-152.0,-31883.0,-178.14285714285714,0.18788599705603942,0.8418316256596333,Wednesday,False,False,11
2023-11-12,96.0,160.0,233.0,9477,313.0,4.0,1.45625,0.03302732932362562,546.0,96.0,5.6875,2023-11,pre_2025_shift,-217.0,-32100.0,-171.71428571428572,0.16292497924908061,0.8599006968151257,Sunday,True,False,11
2023-11-13,141.0,173.0,129.0,9510,287.0,1.0,0.7456647398843931,0.030178759200841218,416.0,141.0,2.950354609929078,2023-11,pre_2025_shift,-146.0,-32246.0,-171.57142857142858,0.16740903855023956,0.8565977879029115,Monday,False,False,11
2023-11-14,116.0,181.0,182.0,9665,247.0,1.0,1.0055248618784531,0.025556130367304707,429.0,116.0,3.6982758620689653,2023-11,pre_2025_shift,-131.0,-32377.0,-168.0,0.1819550249925744,0.8460558810232923,Tuesday,False,False,11
2023-11-15,150.0,157.0,201.0,9762,316.0,1.0,1.2802547770700636,0.03237041589838148,517.0,150.0,3.4466666666666668,2023-11,pre_2025_shift,-166.0,-32543.0,-156.42857142857142,0.18091868073622244,0.8467983581871769,Wednesday,False,False,11
2023-11-16,80.0,176.0,125.0,9762,374.0,1.0,0.7102272727272727,0.03831182134808441,499.0,80.0,6.2375,2023-11,pre_2025_shift,-294.0,-32837.0,-170.85714285714286,0.17179926694956024,0.8533884840218497,Thursday,False,False,11
2023-11-19,116.0,188.0,164.0,9573,435.0,3.0,0.8723404255319149,0.04544030084612974,599.0,116.0,5.163793103448276,2023-11,pre_2025_shift,-319.0,-33156.0,-203.57142857142858,0.16480042427189073,0.8585161708067659,Sunday,True,False,11
2023-11-20,105.0,185.0,158.0,9638,298.0,1.0,0.8540540540540541,0.03091927785847686,456.0,105.0,4.3428571428571425,2023-11,pre_2025_shift,-193.0,-33349.0,-209.42857142857142,0.16464266028535596,0.8586324665069234,Monday,False,False,11
2023-11-21,136.0,246.0,123.0,9804,250.0,1.0,0.5,0.025499796001631988,373.0,136.0,2.7426470588235294,2023-11,pre_2025_shift,-114.0,-33463.0,-194.71428571428572,0.17853896420784282,0.8485082210855471,Tuesday,False,False,11
2023-11-23,128.0,228.0,177.0,9838,283.0,2.0,0.7763157894736842,0.028766009351494207,460.0,128.0,3.59375,2023-11,pre_2025_shift,-155.0,-33618.0,-196.0,0.18084552603749307,0.8468508182909006,Thursday,False,False,11
2023-11-26,90.0,196.0,205.0,9845,312.0,3.0,1.0459183673469388,0.031691213814118845,517.0,90.0,5.7444444444444445,2023-11,pre_2025_shift,-222.0,-33840.0,-209.0,0.1809547490459683,0.8467724955658529,Sunday,True,False,11
2023-11-27,56.0,82.0,68.0,10123,214.0,1.0,0.8292682926829268,0.02113997826731206,282.0,56.0,5.035714285714286,2023-11,pre_2025_shift,-158.0,-33998.0,-207.85714285714286,0.19745197080828045,0.8351065632511337,Monday,False,False,11
2023-11-28,74.0,103.0,80.0,10223,223.0,1.0,0.7766990291262136,0.021813557664090776,303.0,74.0,4.094594594594595,2023-11,pre_2025_shift,-149.0,-34147.0,-187.14285714285714,0.21607155477910675,0.8223200321313698,Tuesday,False,False,11
2023-11-29,68.0,107.0,102.0,10398,284.0,1.0,0.9532710280373832,0.027312944797076362,386.0,68.0,5.676470588235294,2023-11,pre_2025_shift,-216.0,-34363.0,-172.42857142857142,0.2094798909901991,0.8268016752071022,Wednesday,False,False,11
2023-11-30,92.0,124.0,93.0,10536,320.0,1.0,0.75,0.030372057706909643,413.0,92.0,4.489130434782608,2023-11,pre_2025_shift,-228.0,-34591.0,-177.42857142857142,0.20962044970060745,0.8267056002959519,Thursday,False,False,11
2023-12-03,132.0,235.0,197.0,10579,417.0,3.0,0.8382978723404255,0.039417714339729654,614.0,132.0,4.651515151515151,2023-12,pre_2025_shift,-285.0,-34876.0,-201.85714285714286,0.22077914745886343,0.8191489853685406,Sunday,True,False,11
2023-12-04,174.0,208.0,256.0,10635,273.0,1.0,1.2307692307692308,0.025669957686882933,529.0,174.0,3.0402298850574714,2023-12,pre_2025_shift,-99.0,-34975.0,-193.85714285714286,0.22738765471812725,0.8147385189642082,Monday,False,False,11
2023-12-05,123.0,230.0,167.0,10761,261.0,1.0,0.7260869565217392,0.024254251463618624,428.0,123.0,3.4796747967479673,2023-12,pre_2025_shift,-138.0,-35113.0,-181.85714285714286,0.23064846799564323,0.8125797301228511,Tuesday,False,False,11
2023-12-06,123.0,233.0,159.0,10832,376.0,1.0,0.6824034334763949,0.03471196454948301,535.0,123.0,4.349593495934959,2023-12,pre_2025_shift,-253.0,-35366.0,-195.42857142857142,0.23212289913322212,0.811607349156065,Wednesday,False,False,11
2023-12-07,141.0,232.0,188.0,10897,466.0,1.0,0.8103448275862069,0.04276406350371662,654.0,141.0,4.638297872340425,2023-12,pre_2025_shift,-325.0,-35691.0,-220.57142857142858,0.2450267569234985,0.8031955895237404,Thursday,False,False,11
2023-12-10,158.0,226.0,191.0,10871,411.0,3.0,0.8451327433628318,0.03780700947474933,602.0,158.0,3.810126582278481,2023-12,pre_2025_shift,-253.0,-35944.0,-225.85714285714286,0.21855194718162196,0.8206461795189701,Sunday,True,False,11
2023-12-11,96.0,160.0,233.0,10998,304.0,1.0,1.45625,0.027641389343517002,537.0,96.0,5.59375,2023-12,pre_2025_shift,-208.0,-36152.0,-223.0,0.22122626864962666,0.8188490746319697,Monday,False,False,11
2023-12-12,141.0,173.0,129.0,11077,259.0,1.0,0.7456647398843931,0.02338178207095784,388.0,141.0,2.75177304964539,2023-12,pre_2025_shift,-118.0,-36270.0,-199.14285714285714,0.22677387071251476,0.8151461519303442,Tuesday,False,False,11
2023-12-13,116.0,181.0,182.0,11192,335.0,1.0,1.0055248618784531,0.029932094353109364,517.0,116.0,4.456896551724138,2023-12,pre_2025_shift,-219.0,-36489.0,-216.28571428571428,0.2259362440729132,0.8157031043292367,Wednesday,False,False,11
2023-12-14,150.0,157.0,201.0,11242,396.0,1.0,1.2802547770700636,0.03522504892367906,597.0,150.0,3.98,2023-12,pre_2025_shift,-246.0,-36735.0,-231.71428571428572,0.2286552714170924,0.813897944576945,Thursday,False,False,11
2023-12-17,80.0,176.0,125.0,11092,456.0,3.0,0.7102272727272727,0.04111071042192571,581.0,80.0,7.2625,2023-12,pre_2025_shift,-376.0,-37111.0,-249.28571428571428,0.2204865349849202,0.8193453768929582,Sunday,True,False,11
2023-12-18,116.0,188.0,164.0,11149,364.0,1.0,0.8723404255319149,0.03264866804197686,528.0,116.0,4.551724137931035,2023-12,pre_2025_shift,-248.0,-37359.0,-238.28571428571428,0.19704853317906934,0.8353880166781905,Monday,False,False,11
2023-12-19,105.0,185.0,158.0,11291,272.0,1.0,0.8540540540540541,0.024089983172438226,430.0,105.0,4.095238095238095,2023-12,pre_2025_shift,-167.0,-37526.0,-226.0,0.2061899240484554,0.8290568343031753,Tuesday,False,False,11
2023-12-20,136.0,246.0,123.0,11516,390.0,1.0,0.5,0.033865925668634944,513.0,136.0,3.7720588235294117,2023-12,pre_2025_shift,-254.0,-37780.0,-232.57142857142858,0.20449844318496183,0.8302210813621124,Wednesday,False,False,11
2023-12-21,128.0,228.0,177.0,11375,497.0,1.0,0.7763157894736842,0.04369230769230769,674.0,128.0,5.265625,2023-12,pre_2025_shift,-369.0,-38149.0,-268.42857142857144,0.21598423959621002,0.8223790797914194,Thursday,False,False,11
2023-12-25,90.0,196.0,205.0,11144,347.0,4.0,1.0459183673469388,0.031137832017229004,552.0,90.0,6.133333333333334,2023-12,pre_2025_shift,-257.0,-38406.0,-273.85714285714283,0.20528526500346675,0.8296791050516359,Monday,False,False,11
2023-12-26,56.0,82.0,68.0,11217,288.0,1.0,0.8292682926829268,0.025675314255148435,356.0,56.0,6.357142857142857,2023-12,pre_2025_shift,-232.0,-38638.0,-271.85714285714283,0.20067096078868626,0.8328676487212856,Tuesday,False,False,11
2023-12-27,74.0,103.0,80.0,11206,335.0,1.0,0.7766990291262136,0.029894699268249152,415.0,74.0,5.608108108108108,2023-12,pre_2025_shift,-261.0,-38899.0,-255.42857142857142,0.20387172877824722,0.8306532798264588,Wednesday,False,False,11
2023-12-28,68.0,107.0,102.0,11230,357.0,1.0,0.9532710280373832,0.031789848619768475,459.0,68.0,6.75,2023-12,pre_2025_shift,-289.0,-39188.0,-261.2857142857143,0.18855932927002228,0.8413547185853736,Thursday,False,False,11
2024-01-01,92.0,124.0,93.0,10870,290.0,4.0,0.75,0.02667893284268629,383.0,92.0,4.163043478260869,2024-01,pre_2025_shift,-198.0,-39386.0,-265.7142857142857,0.19039298017627218,0.8400587172917644,Monday,False,False,11
2024-01-02,113.0,162.0,107.0,10770,316.0,1.0,0.6604938271604939,0.02934076137418756,423.0,113.0,3.743362831858407,2024-01,pre_2025_shift,-203.0,-39589.0,-258.42857142857144,0.18770057006651109,0.8419630546645273,Tuesday,False,False,11
2024-01-03,106.0,196.0,131.0,10718,263.0,1.0,0.6683673469387755,0.02453816010449711,394.0,106.0,3.7169811320754715,2024-01,pre_2025_shift,-157.0,-39746.0,-228.14285714285714,0.18360624731728048,0.8448755675855582,Wednesday,False,False,11
2024-01-04,86.0,152.0,168.0,10558,362.0,1.0,1.105263157894737,0.03428679674180716,530.0,86.0,6.162790697674419,2024-01,pre_2025_shift,-276.0,-40022.0,-230.85714285714286,0.18281473329691011,0.8454409400301071,Thursday,False,False,11
2024-01-07,84.0,118.0,136.0,9670,367.0,3.0,1.152542372881356,0.03795243019648397,503.0,84.0,5.988095238095238,2024-01,pre_2025_shift,-283.0,-40305.0,-238.14285714285714,0.18703994668627474,0.8424316323907944,Sunday,True,False,11
2024-01-08,59.0,64.0,117.0,9670,367.0,1.0,1.828125,0.03795243019648397,484.0,59.0,8.203389830508474,2024-01,pre_2025_shift,-308.0,-40613.0,-244.85714285714286,0.17815316385305546,0.8487860752583137,Monday,False,False,11
2024-01-09,62.0,97.0,52.0,9311,286.0,1.0,0.5360824742268041,0.030716356997100205,338.0,62.0,5.451612903225806,2024-01,pre_2025_shift,-224.0,-40837.0,-235.57142857142858,0.1788744028068456,0.8482667853496912,Tuesday,False,False,11
2024-01-10,91.0,75.0,97.0,9144,349.0,1.0,1.2933333333333332,0.038167104111986004,446.0,91.0,4.9010989010989015,2024-01,pre_2025_shift,-258.0,-41095.0,-244.14285714285714,0.16784925135032772,0.8562748992164427,Wednesday,False,False,11
2024-01-11,29.0,51.0,11.0,8829,476.0,1.0,0.21568627450980393,0.053913240457582966,487.0,29.0,16.79310344827586,2024-01,pre_2025_shift,-447.0,-41542.0,-279.0,0.232865333423471,0.8111185973760484,Thursday,False,False,11
2024-01-15,33.0,53.0,34.0,8033,234.0,4.0,0.6415094339622641,0.029129839412423753,268.0,33.0,8.121212121212121,2024-01,pre_2025_shift,-201.0,-41743.0,-285.2857142857143,0.22718754431713684,0.8148713736794367,Monday,False,False,11
2024-01-16,32.0,49.0,39.0,8133,188.0,1.0,0.7959183673469388,0.02311570146317472,227.0,32.0,7.09375,2024-01,pre_2025_shift,-156.0,-41899.0,-268.14285714285717,0.244886604303672,0.8032860154032668,Tuesday,False,False,11
2024-01-17,80.0,176.0,125.0,8072,353.0,1.0,0.7102272727272727,0.04373141724479683,478.0,80.0,5.975,2024-01,pre_2025_shift,-273.0,-42172.0,-266.7142857142857,0.24414541246223234,0.8037645680185765,Wednesday,False,False,11
2024-01-18,116.0,188.0,164.0,8042,359.0,1.0,0.8723404255319149,0.044640636657547875,523.0,116.0,4.508620689655173,2024-01,pre_2025_shift,-243.0,-42415.0,-257.42857142857144,0.24869656724329792,0.800835067727994,Thursday,False,False,11
2024-01-21,105.0,185.0,158.0,7974,371.0,3.0,0.8540540540540541,0.04652621018309506,529.0,105.0,5.038095238095238,2024-01,pre_2025_shift,-266.0,-42681.0,-263.42857142857144,0.2553673635449829,0.7965795742659256,Sunday,True,False,11
2024-01-22,136.0,246.0,123.0,8008,222.0,1.0,0.5,0.027722277722277724,345.0,136.0,2.536764705882353,2024-01,pre_2025_shift,-86.0,-42767.0,-238.85714285714286,0.25271869479859904,0.7982638114622941,Monday,False,False,11
2024-01-23,128.0,228.0,177.0,8133,202.0,1.0,0.7763157894736842,0.024837083487028157,379.0,128.0,2.9609375,2024-01,pre_2025_shift,-74.0,-42841.0,-185.57142857142858,0.2640953431472282,0.7910795696076944,Tuesday,False,False,11
2024-01-24,90.0,196.0,205.0,8212,243.0,1.0,1.0459183673469388,0.02959084266926449,448.0,90.0,4.977777777777778,2024-01,pre_2025_shift,-153.0,-42994.0,-178.71428571428572,0.25127089352051385,0.7991874542741496,Wednesday,False,False,11
2024-01-25,102.0,189.0,155.0,8180,293.0,1.0,0.8201058201058201,0.03581907090464548,448.0,102.0,4.392156862745098,2024-01,pre_2025_shift,-191.0,-43185.0,-183.71428571428572,0.250187093484221,0.7998802780894501,Thursday,False,False,11
2024-01-28,120.0,257.0,126.0,8004,307.0,3.0,0.490272373540856,0.03835582208895552,433.0,120.0,3.6083333333333334,2024-01,pre_2025_shift,-187.0,-43372.0,-171.42857142857142,0.250192876119011,0.7998765783279075,Sunday,True,False,11
2024-01-29,137.0,272.0,166.0,8057,195.0,1.0,0.6102941176470589,0.024202556782921682,361.0,137.0,2.6350364963503647,2024-01,pre_2025_shift,-58.0,-43430.0,-145.0,0.2716982335808723,0.7863500739355286,Monday,False,False,11
2024-01-30,93.0,198.0,208.0,8182,187.0,1.0,1.0505050505050506,0.02285504766560743,395.0,93.0,4.247311827956989,2024-01,pre_2025_shift,-94.0,-43524.0,-120.42857142857143,0.29043593120064526,0.7749319248027925,Tuesday,False,False,11
2024-01-31,203.0,477.0,258.0,8153,266.0,1.0,0.5408805031446541,0.03262602722924077,524.0,203.0,2.58128078817734,2024-01,pre_2025_shift,-63.0,-43587.0,-117.14285714285714,0.2924035038990778,0.7737521578849641,Wednesday,False,False,11
2024-02-01,222.0,459.0,289.0,8026,337.0,1.0,0.6296296296296297,0.04198853725392474,626.0,222.0,2.81981981981982,2024-02,pre_2025_shift,-115.0,-43702.0,-123.0,0.2572406631630377,0.7953926637117694,Thursday,False,False,11
2024-02-04,253.0,531.0,248.0,7813,342.0,3.0,0.4670433145009416,0.04377319851529502,590.0,253.0,2.3320158102766797,2024-02,pre_2025_shift,-89.0,-43791.0,-113.85714285714286,0.25958090365996467,0.7939148625501542,Sunday,True,False,11
2024-02-05,157.0,466.0,345.0,7872,242.0,1.0,0.740343347639485,0.030741869918699188,587.0,157.0,3.738853503184713,2024-02,pre_2025_shift,-85.0,-43876.0,-98.71428571428571,0.24066616293170093,0.8060185970067844,Monday,False,False,11
2024-02-06,291.0,455.0,323.0,8045,178.0,1.0,0.7098901098901099,0.022125543816034803,501.0,291.0,1.7216494845360826,2024-02,pre_2025_shift,113.0,-43763.0,-55.857142857142854,0.2583905876297717,0.7946658293777765,Tuesday,False,True,12
2024-02-07,227.0,453.0,330.0,8160,222.0,1.0,0.7284768211920529,0.027205882352941177,552.0,227.0,2.4317180616740086,2024-02,pre_2025_shift,5.0,-43758.0,-46.857142857142854,0.2519856595905219,0.7987311933964667,Wednesday,False,True,12
2024-02-08,298.0,499.0,358.0,8188,315.0,1.0,0.717434869739479,0.03847093307278945,673.0,298.0,2.2583892617449663,2024-02,pre_2025_shift,-17.0,-43775.0,-35.857142857142854,0.2288250463904593,0.8137854961024695,Thursday,False,False,13
2024-02-11,205.0,515.0,226.0,8056,347.0,3.0,0.4388349514563107,0.04307348560079444,573.0,205.0,2.795121951219512,2024-02,pre_2025_shift,-142.0,-43917.0,-47.142857142857146,0.23763238374476148,0.807994371458069,Sunday,True,False,13
2024-02-12,213.0,430.0,440.0,8092,234.0,1.0,1.0232558139534884,0.028917449332674247,674.0,213.0,3.164319248826291,2024-02,pre_2025_shift,-21.0,-43938.0,-33.714285714285715,0.2282228569814516,0.8141844896598451,Monday,False,False,13
2024-02-13,227.0,369.0,349.0,8348,160.0,1.0,0.94579945799458,0.019166267369429803,509.0,227.0,2.2422907488986783,2024-02,pre_2025_shift,67.0,-43871.0,-11.428571428571429,0.2590825183792978,0.794229119539527,Tuesday,False,True,14
2024-02-14,185.0,322.0,272.0,8512,230.0,1.0,0.84472049689441,0.027020676691729324,502.0,185.0,2.7135135135135133,2024-02,pre_2025_shift,-45.0,-43916.0,-5.714285714285714,0.2651874428890128,0.7903967160127149,Wednesday,False,False,15
2024-02-15,333.0,508.0,272.0,8463,312.0,1.0,0.5354330708661418,0.03686635944700461,584.0,333.0,1.7537537537537538,2024-02,pre_2025_shift,21.0,-43895.0,-18.857142857142858,0.26335920888086656,0.7915405159280388,Thursday,False,True,16
2024-02-19,249.0,420.0,371.0,8380,218.0,4.0,0.8833333333333333,0.026014319809069212,589.0,249.0,2.3654618473895583,2024-02,pre_2025_shift,31.0,-43864.0,-15.142857142857142,0.2588701131189555,0.7943631273622159,Monday,False,True,16
2024-02-20,149.0,395.0,273.0,8488,192.0,1.0,0.6911392405063291,0.022620169651272386,465.0,149.0,3.120805369127517,2024-02,pre_2025_shift,-43.0,-43907.0,-18.857142857142858,0.2596231105273599,0.7938882604188925,Tuesday,False,False,17
2024-02-21,232.0,430.0,318.0,8573,231.0,1.0,0.7395348837209302,0.026945060072320073,549.0,232.0,2.3663793103448274,2024-02,pre_2025_shift,1.0,-43906.0,1.5714285714285714,0.2655563244513004,0.7901663329236366,Wednesday,False,True,18
2024-02-22,165.0,400.0,292.0,8607,293.0,1.0,0.73,0.0340420587893575,585.0,165.0,3.5454545454545454,2024-02,pre_2025_shift,-128.0,-44034.0,-13.714285714285714,0.252316274615768,0.798520326110764,Thursday,False,False,19
2024-02-25,244.0,482.0,366.0,8404,329.0,3.0,0.7593360995850622,0.03914802475011899,695.0,244.0,2.848360655737705,2024-02,pre_2025_shift,-85.0,-44119.0,-35.42857142857143,0.23741550715495574,0.8081359852190495,Sunday,True,False,19
2024-02-26,199.0,438.0,326.0,8404,329.0,1.0,0.7442922374429224,0.03914802475011899,655.0,199.0,3.291457286432161,2024-02,pre_2025_shift,-130.0,-44249.0,-47.57142857142857,0.24556553045911444,0.802848164585448,Monday,False,False,19
2024-02-27,197.0,369.0,306.0,8650,206.0,1.0,0.8292682926829268,0.023815028901734103,512.0,197.0,2.598984771573604,2024-02,pre_2025_shift,-9.0,-44258.0,-51.857142857142854,0.240190244633764,0.8063279035832976,Tuesday,False,False,19
2024-02-28,209.0,447.0,274.0,8699,257.0,1.0,0.6129753914988815,0.02954362570410392,531.0,209.0,2.54066985645933,2024-02,pre_2025_shift,-48.0,-44306.0,-63.142857142857146,0.2368623528902959,0.8084974028542491,Wednesday,False,False,19
2024-02-29,262.0,444.0,354.0,8724,299.0,1.0,0.7972972972972973,0.03427326914259514,653.0,262.0,2.4923664122137406,2024-02,pre_2025_shift,-37.0,-44343.0,-62.285714285714285,0.23123972622743444,0.8121895181729055,Thursday,False,False,19
2024-03-03,236.0,468.0,347.0,8594,354.0,3.0,0.7414529914529915,0.04119152897370258,701.0,236.0,2.9703389830508473,2024-03,pre_2025_shift,-118.0,-44461.0,-79.28571428571429,0.22451982777018112,0.8166466375811766,Sunday,True,False,19
2024-03-04,225.0,509.0,340.0,8660,229.0,1.0,0.6679764243614931,0.02644341801385681,569.0,225.0,2.528888888888889,2024-03,pre_2025_shift,-4.0,-44465.0,-61.57142857142857,0.22840259081066636,0.8140653621872163,Monday,False,False,19
2024-03-05,246.0,472.0,345.0,8800,214.0,1.0,0.7309322033898306,0.02431818181818182,559.0,246.0,2.272357723577236,2024-03,pre_2025_shift,32.0,-44433.0,-44.857142857142854,0.20859095304368167,0.8274098010427995,Tuesday,False,True,20
2024-03-06,230.0,457.0,277.0,8870,232.0,1.0,0.6061269146608315,0.026155580608793687,509.0,230.0,2.2130434782608694,2024-03,pre_2025_shift,-2.0,-44435.0,-26.571428571428573,0.21041755896799175,0.8261611809833668,Wednesday,False,False,21
2024-03-07,181.0,424.0,328.0,8902,305.0,1.0,0.7735849056603774,0.03426196360368457,633.0,181.0,3.4972375690607733,2024-03,pre_2025_shift,-124.0,-44559.0,-43.0,0.20666966143669083,0.8287272249882999,Thursday,False,False,21
2024-03-10,190.0,368.0,326.0,8714,373.0,3.0,0.8858695652173914,0.04280468212072527,699.0,190.0,3.6789473684210527,2024-03,pre_2025_shift,-183.0,-44742.0,-62.285714285714285,0.21875338536082464,0.8205105413544674,Sunday,True,False,21
2024-03-11,178.0,336.0,290.0,8757,253.0,1.0,0.8630952380952381,0.02889117277606486,543.0,178.0,3.050561797752809,2024-03,pre_2025_shift,-75.0,-44817.0,-67.71428571428571,0.20183183852044642,0.8320631622066877,Monday,False,False,21
2024-03-12,154.0,294.0,290.0,8843,213.0,1.0,0.9863945578231292,0.02408684835463078,503.0,154.0,3.2662337662337664,2024-03,pre_2025_shift,-59.0,-44876.0,-59.285714285714285,0.20997100785372083,0.826466083492221,Tuesday,False,False,21
2024-03-13,165.0,358.0,167.0,8819,239.0,1.0,0.4664804469273743,0.027100578296859055,406.0,165.0,2.4606060606060605,2024-03,pre_2025_shift,-74.0,-44950.0,-69.28571428571429,0.21625292711726107,0.8221974045893402,Wednesday,False,False,21
2024-03-14,166.0,301.0,252.0,8695,310.0,1.0,0.8372093023255814,0.03565267395054629,562.0,166.0,3.3855421686746987,2024-03,pre_2025_shift,-144.0,-45094.0,-94.42857142857143,0.21025565615157574,0.8262717012865232,Thursday,False,False,21
2024-03-17,127.0,260.0,259.0,8373,342.0,3.0,0.9961538461538462,0.04084557506270154,601.0,127.0,4.732283464566929,2024-03,pre_2025_shift,-215.0,-45309.0,-124.85714285714286,0.21486283477297763,0.8231381941870589,Sunday,True,False,21
2024-03-18,123.0,243.0,188.0,8333,283.0,1.0,0.7736625514403292,0.033961358454338175,471.0,123.0,3.8292682926829267,2024-03,pre_2025_shift,-160.0,-45469.0,-130.0,0.199442479704806,0.8337206801664298,Monday,False,False,21
2024-03-19,99.0,202.0,256.0,8390,197.0,1.0,1.2673267326732673,0.023480333730631704,453.0,99.0,4.575757575757576,2024-03,pre_2025_shift,-98.0,-45567.0,-117.85714285714286,0.21418403650527243,0.8235983754804188,Tuesday,False,False,21
2024-03-20,91.0,181.0,174.0,8365,227.0,1.0,0.9613259668508287,0.02713687985654513,401.0,91.0,4.406593406593407,2024-03,pre_2025_shift,-136.0,-45703.0,-126.57142857142857,0.2195387980222082,0.8199821126000698,Wednesday,False,False,21
2024-03-21,132.0,261.0,141.0,8292,235.0,1.0,0.5402298850574713,0.028340569223347805,376.0,132.0,2.8484848484848486,2024-03,pre_2025_shift,-103.0,-45806.0,-132.85714285714286,0.20590588757212536,0.8292521085648898,Thursday,False,False,21
2024-03-24,124.0,264.0,221.0,7899,373.0,3.0,0.8371212121212122,0.04722116723635903,594.0,124.0,4.790322580645161,2024-03,pre_2025_shift,-249.0,-46055.0,-157.85714285714286,0.23888992547568394,0.8071742125242,Sunday,True,False,21
2024-03-25,128.0,242.0,224.0,7899,229.0,1.0,0.9256198347107438,0.028991011520445625,453.0,128.0,3.5390625,2024-03,pre_2025_shift,-101.0,-46156.0,-151.71428571428572,0.22851603182138344,0.8139901914974701,Monday,False,False,21
2024-03-26,187.0,276.0,200.0,7919,208.0,1.0,0.7246376811594203,0.02626594266952898,408.0,187.0,2.1818181818181817,2024-03,pre_2025_shift,-21.0,-46177.0,-124.0,0.2282481189369321,0.8141677439453484,Tuesday,False,False,21
2024-03-27,129.0,287.0,185.0,7893,215.0,1.0,0.6445993031358885,0.027239325985050043,400.0,129.0,3.10077519379845,2024-03,pre_2025_shift,-86.0,-46263.0,-113.42857142857143,0.23436849480823482,0.8101308516913784,Wednesday,False,False,21
2024-03-28,161.0,288.0,248.0,7762,360.0,1.0,0.8611111111111112,0.04637979902087091,608.0,161.0,3.7763975155279503,2024-03,pre_2025_shift,-199.0,-46462.0,-127.85714285714286,0.24708352715441137,0.8018709077825723,Thursday,False,False,21
2024-03-31,105.0,254.0,151.0,7257,287.0,3.0,0.594488188976378,0.03954802259887006,438.0,105.0,4.171428571428572,2024-03,pre_2025_shift,-182.0,-46644.0,-134.42857142857142,0.24766080451802955,0.8014998919408223,Sunday,True,False,21
2024-04-01,109.0,235.0,171.0,7271,172.0,1.0,0.7276595744680852,0.023655618209324714,343.0,109.0,3.146788990825688,2024-04,pre_2025_shift,-63.0,-46707.0,-128.71428571428572,0.24899123555671027,0.8006461306786289,Monday,False,False,21
2024-04-02,101.0,230.0,175.0,7340,132.0,1.0,0.7608695652173914,0.017983651226158037,307.0,101.0,3.0396039603960396,2024-04,pre_2025_shift,-31.0,-46738.0,-97.57142857142857,0.2791130450320689,0.7817917297332612,Tuesday,False,False,21
2024-04-03,124.0,230.0,190.0,7346,163.0,1.0,0.8260869565217391,0.02218894636536891,353.0,124.0,2.846774193548387,2024-04,pre_2025_shift,-39.0,-46777.0,-88.71428571428571,0.29705388923404874,0.7709779896581873,Wednesday,False,False,21
2024-04-04,95.0,226.0,152.0,7317,225.0,1.0,0.672566371681416,0.03075030750307503,377.0,95.0,3.968421052631579,2024-04,pre_2025_shift,-130.0,-46907.0,-104.28571428571429,0.2892041155018381,0.7756723609362184,Thursday,False,False,21
2024-04-07,106.0,239.0,233.0,6982,279.0,3.0,0.9748953974895398,0.039959896877685475,512.0,106.0,4.830188679245283,2024-04,pre_2025_shift,-173.0,-47080.0,-116.71428571428571,0.29618030198314976,0.7714976060583584,Sunday,True,False,21
2024-04-08,102.0,230.0,167.0,6988,199.0,1.0,0.7260869565217392,0.02847738981110475,366.0,102.0,3.588235294117647,2024-04,pre_2025_shift,-97.0,-47177.0,-102.14285714285714,0.2860690499609703,0.7775632265082096,Monday,False,False,21
2024-04-09,118.0,231.0,217.0,7043,130.0,1.0,0.9393939393939394,0.018458043447394577,347.0,118.0,2.940677966101695,2024-04,pre_2025_shift,-12.0,-47189.0,-77.85714285714286,0.31085862319012053,0.7628587723414357,Tuesday,False,False,21
2024-04-10,117.0,244.0,142.0,6999,227.0,1.0,0.5819672131147541,0.03243320474353479,369.0,117.0,3.1538461538461537,2024-04,pre_2025_shift,-110.0,-47299.0,-84.57142857142857,0.3077347094273704,0.7646810876786156,Wednesday,False,False,21
2024-04-11,183.0,221.0,220.0,6912,285.0,1.0,0.995475113122172,0.04123263888888889,505.0,183.0,2.759562841530055,2024-04,pre_2025_shift,-102.0,-47401.0,-94.71428571428571,0.2890487094556361,0.7757658749934274,Thursday,False,False,21
2024-04-14,128.0,245.0,243.0,6630,290.0,3.0,0.9918367346938776,0.043740573152337855,533.0,128.0,4.1640625,2024-04,pre_2025_shift,-162.0,-47563.0,-112.28571428571429,0.3015772953694728,0.7682985893789231,Sunday,True,False,21
2024-04-15,144.0,303.0,176.0,6681,191.0,1.0,0.5808580858085809,0.028588534650501422,367.0,144.0,2.548611111111111,2024-04,pre_2025_shift,-47.0,-47610.0,-100.42857142857143,0.2975950801303707,0.7706564361353228,Monday,False,False,21
2024-04-16,219.0,392.0,205.0,6685,163.0,1.0,0.5229591836734694,0.0243829468960359,368.0,219.0,1.6803652968036529,2024-04,pre_2025_shift,56.0,-47554.0,-67.71428571428571,0.303679800472355,0.7670595184781384,Tuesday,False,True,22
2024-04-17,182.0,371.0,274.0,6725,227.0,1.0,0.738544474393531,0.0337546468401487,501.0,182.0,2.7527472527472527,2024-04,pre_2025_shift,-45.0,-47599.0,-60.285714285714285,0.2798249690420378,0.7813568450289811,Wednesday,False,False,23
2024-04-18,144.0,322.0,258.0,6728,260.0,1.0,0.8012422360248447,0.03864447086801427,518.0,144.0,3.5972222222222223,2024-04,pre_2025_shift,-116.0,-47715.0,-75.14285714285714,0.2780464207272599,0.7824441927789757,Thursday,False,False,23
2024-04-21,208.0,380.0,343.0,6745,240.0,3.0,0.9026315789473685,0.03558191252779837,583.0,208.0,2.8028846153846154,2024-04,pre_2025_shift,-32.0,-47747.0,-64.0,0.26653360525183345,0.7895566259382144,Sunday,True,False,23
2024-04-22,176.0,424.0,251.0,6799,214.0,1.0,0.5919811320754716,0.031475216943668186,465.0,176.0,2.6420454545454546,2024-04,pre_2025_shift,-38.0,-47785.0,-54.857142857142854,0.23009293722383173,0.8129467048700213,Monday,False,False,23
2024-04-23,252.0,427.0,307.0,6967,134.0,1.0,0.7189695550351288,0.019233529496196354,441.0,252.0,1.75,2024-04,pre_2025_shift,118.0,-47667.0,-14.857142857142858,0.24226656065136498,0.8049802125203017,Tuesday,False,True,24
2024-04-24,253.0,411.0,307.0,7128,154.0,1.0,0.7469586374695864,0.021604938271604937,461.0,253.0,1.8221343873517786,2024-04,pre_2025_shift,99.0,-47568.0,6.0,0.262593441838104,0.7920205878340251,Wednesday,False,True,24
2024-04-25,145.0,357.0,333.0,7209,217.0,1.0,0.9327731092436975,0.03010126231100014,550.0,145.0,3.793103448275862,2024-04,pre_2025_shift,-72.0,-47640.0,-12.285714285714286,0.25585724029752377,0.7962688496051438,Thursday,False,False,25
2024-04-28,158.0,349.0,365.0,7298,250.0,3.0,1.0458452722063036,0.034255960537133465,615.0,158.0,3.892405063291139,2024-04,pre_2025_shift,-92.0,-47732.0,-19.0,0.25356372580436015,0.7977256994719923,Sunday,True,False,25
2024-04-29,140.0,292.0,255.0,7373,187.0,1.0,0.8732876712328768,0.025362810253628104,442.0,140.0,3.157142857142857,2024-04,pre_2025_shift,-47.0,-47779.0,-9.142857142857142,0.22871583001104656,0.8138578307329284,Monday,False,False,25
2024-04-30,220.0,443.0,194.0,7431,135.0,1.0,0.43792325056433407,0.018167137666532097,329.0,220.0,1.4954545454545454,2024-04,pre_2025_shift,85.0,-47694.0,7.571428571428571,0.26315374914069156,0.7916692648700033,Tuesday,False,True,26
2024-05-01,197.0,437.0,295.0,7508,190.0,1.0,0.6750572082379863,0.02530633990410229,485.0,197.0,2.4619289340101522,2024-05,pre_2025_shift,7.0,-47687.0,14.0,0.25500166579685707,0.7968116913733776,Wednesday,False,True,26
2024-05-02,206.0,411.0,293.0,7577,194.0,1.0,0.7128953771289538,0.02560380097663983,487.0,206.0,2.3640776699029127,2024-05,pre_2025_shift,12.0,-47675.0,-1.1428571428571428,0.22307649541146482,0.8176103487816452,Thursday,False,True,26
2024-05-05,150.0,315.0,228.0,7447,332.0,3.0,0.7238095238095238,0.044581710756009134,560.0,150.0,3.7333333333333334,2024-05,pre_2025_shift,-182.0,-47857.0,-41.285714285714285,0.2629373163842057,0.7918049352306762,Sunday,True,False,27
2024-05-06,173.0,337.0,211.0,7449,205.0,1.0,0.6261127596439169,0.02752047254665056,416.0,173.0,2.4046242774566475,2024-05,pre_2025_shift,-32.0,-47889.0,-35.57142857142857,0.2573605321269515,0.795316835902587,Monday,False,False,27
2024-05-07,176.0,334.0,246.0,7566,163.0,1.0,0.7365269461077845,0.02154374834787206,409.0,176.0,2.3238636363636362,2024-05,pre_2025_shift,13.0,-47876.0,-20.571428571428573,0.27078513680255395,0.7869150897657794,Tuesday,False,True,28
2024-05-08,167.0,374.0,205.0,7583,202.0,1.0,0.5481283422459893,0.02663853356191481,407.0,167.0,2.437125748502994,2024-05,pre_2025_shift,-35.0,-47911.0,-18.857142857142858,0.2586375242793787,0.7945099210136299,Wednesday,False,False,29
2024-05-09,138.0,285.0,268.0,7570,244.0,1.0,0.9403508771929825,0.03223249669749009,512.0,138.0,3.710144927536232,2024-05,pre_2025_shift,-106.0,-48017.0,-46.142857142857146,0.2523575797946276,0.7984939893636358,Thursday,False,False,29
2024-05-12,138.0,301.0,263.0,7464,245.0,3.0,0.8737541528239202,0.03282422293676313,508.0,138.0,3.681159420289855,2024-05,pre_2025_shift,-107.0,-48124.0,-62.42857142857143,0.25402495048903656,0.7974322995806634,Sunday,True,False,29
2024-05-13,112.0,331.0,167.0,7499,157.0,1.0,0.5045317220543807,0.02093612481664222,324.0,112.0,2.892857142857143,2024-05,pre_2025_shift,-45.0,-48169.0,-70.57142857142857,0.24778069439038777,0.8014228818378675,Monday,False,False,29
2024-05-14,246.0,419.0,218.0,7546,186.0,1.0,0.5202863961813843,0.024648820567187913,404.0,246.0,1.6422764227642277,2024-05,pre_2025_shift,60.0,-48109.0,-36.0,0.2401230518532835,0.8063715923234914,Tuesday,False,True,30
2024-05-15,115.0,285.0,341.0,7589,265.0,1.0,1.1964912280701754,0.03491896165502701,606.0,115.0,5.269565217391304,2024-05,pre_2025_shift,-150.0,-48259.0,-52.857142857142854,0.24588570781233626,0.8026418424495056,Wednesday,False,False,31
2024-05-16,206.0,340.0,214.0,7565,234.0,1.0,0.6294117647058823,0.030931923331130203,448.0,206.0,2.174757281553398,2024-05,pre_2025_shift,-28.0,-48287.0,-58.714285714285715,0.24191759689117984,0.8052064021825941,Thursday,False,False,31
2024-05-19,143.0,295.0,278.0,7356,298.0,3.0,0.9423728813559322,0.04051114736269712,576.0,143.0,4.027972027972028,2024-05,pre_2025_shift,-155.0,-48442.0,-75.85714285714286,0.2579858806053056,0.7949214815660963,Sunday,True,False,31
2024-05-20,111.0,268.0,217.0,7368,192.0,1.0,0.8097014925373134,0.026058631921824105,409.0,111.0,3.684684684684685,2024-05,pre_2025_shift,-81.0,-48523.0,-72.28571428571429,0.2325256236361522,0.8113421585912644,Monday,False,False,31
2024-05-21,196.0,348.0,176.0,7404,145.0,1.0,0.5057471264367817,0.01958400864397623,321.0,196.0,1.6377551020408163,2024-05,pre_2025_shift,51.0,-48472.0,-49.714285714285715,0.25053664117632685,0.799656697031558,Tuesday,False,True,32
2024-05-22,168.0,349.0,272.0,7474,208.0,1.0,0.7793696275071633,0.02782981000802783,480.0,168.0,2.857142857142857,2024-05,pre_2025_shift,-40.0,-48512.0,-49.0,0.24713998775827498,0.8018346054298946,Wednesday,False,False,33
2024-05-23,193.0,272.0,314.0,7494,227.0,1.0,1.1544117647058822,0.03029089938617561,541.0,193.0,2.8031088082901556,2024-05,pre_2025_shift,-34.0,-48546.0,-62.42857142857143,0.20485612296565875,0.8299746176652019,Thursday,False,False,33
2024-05-27,156.0,344.0,252.0,7365,167.0,4.0,0.7325581395348837,0.02267481330617787,419.0,156.0,2.6858974358974357,2024-05,pre_2025_shift,-11.0,-48557.0,-42.57142857142857,0.21427865714100613,0.8235341979529469,Monday,False,False,33
2024-05-28,153.0,348.0,239.0,7418,151.0,1.0,0.6867816091954023,0.020355891075761662,390.0,153.0,2.549019607843137,2024-05,pre_2025_shift,2.0,-48555.0,-38.285714285714285,0.21871313332245548,0.8205376414331405,Tuesday,False,True,34
2024-05-29,182.0,462.0,158.0,7491,141.0,1.0,0.341991341991342,0.01882258710452543,299.0,182.0,1.6428571428571428,2024-05,pre_2025_shift,41.0,-48514.0,-10.285714285714286,0.24013241476485558,0.8063655042752933,Wednesday,False,True,34
2024-05-30,167.0,406.0,339.0,7563,190.0,1.0,0.8349753694581281,0.025122305963242098,529.0,167.0,3.1676646706586826,2024-05,pre_2025_shift,-23.0,-48537.0,-2.0,0.23965220251024044,0.806677871402192,Thursday,False,False,35
2024-06-02,159.0,330.0,322.0,7546,306.0,3.0,0.9757575757575757,0.040551285449244634,628.0,159.0,3.949685534591195,2024-06,pre_2025_shift,-147.0,-48684.0,-30.285714285714285,0.26524297431106164,0.79036202555838,Sunday,True,False,35
2024-06-03,109.0,244.0,257.0,7596,224.0,1.0,1.0532786885245902,0.02948920484465508,481.0,109.0,4.412844036697248,2024-06,pre_2025_shift,-115.0,-48799.0,-41.0,0.25133796385694035,0.7991446187069613,Monday,False,False,35
2024-06-04,260.0,356.0,176.0,7565,203.0,1.0,0.4943820224719101,0.02683410442828817,379.0,260.0,1.4576923076923076,2024-06,pre_2025_shift,57.0,-48742.0,-28.0,0.24796437638958516,0.8013049241782392,Tuesday,False,True,36
2024-06-05,173.0,345.0,291.0,7691,198.0,1.0,0.8434782608695652,0.025744376544012484,489.0,173.0,2.8265895953757227,2024-06,pre_2025_shift,-25.0,-48767.0,-30.0,0.24443475306123347,0.8035776866083667,Wednesday,False,False,37
2024-06-06,179.0,326.0,282.0,7741,238.0,1.0,0.8650306748466258,0.030745381733626148,520.0,179.0,2.905027932960894,2024-06,pre_2025_shift,-59.0,-48826.0,-38.714285714285715,0.24429198521929815,0.8036698876781374,Thursday,False,False,37
2024-06-09,116.0,289.0,166.0,7451,312.0,3.0,0.5743944636678201,0.041873574016910484,478.0,116.0,4.120689655172414,2024-06,pre_2025_shift,-196.0,-49022.0,-72.57142857142857,0.25105379537747885,0.7993261390476589,Sunday,True,False,37
2024-06-10,184.0,334.0,229.0,7439,212.0,1.0,0.6856287425149701,0.02849845409329211,441.0,184.0,2.3967391304347827,2024-06,pre_2025_shift,-28.0,-49050.0,-73.28571428571429,0.24910674193372923,0.8005720939844664,Monday,False,False,37
2024-06-11,186.0,352.0,224.0,7493,156.0,1.0,0.6363636363636364,0.020819431469371413,380.0,186.0,2.043010752688172,2024-06,pre_2025_shift,30.0,-49020.0,-48.0,0.24454014691916137,0.8035096356477398,Tuesday,False,True,38
2024-06-12,152.0,266.0,274.0,7548,212.0,1.0,1.0300751879699248,0.028086910439851617,486.0,152.0,3.1973684210526314,2024-06,pre_2025_shift,-60.0,-49080.0,-40.142857142857146,0.24439109534890155,0.8036058790019072,Wednesday,False,False,39
2024-06-13,167.0,293.0,230.0,7544,259.0,1.0,0.7849829351535836,0.03433191940615058,489.0,167.0,2.92814371257485,2024-06,pre_2025_shift,-92.0,-49172.0,-61.42857142857143,0.24879107822010463,0.8007744589473643,Thursday,False,False,39
2024-06-16,204.0,315.0,233.0,7307,294.0,3.0,0.7396825396825397,0.04023539072122622,527.0,204.0,2.5833333333333335,2024-06,pre_2025_shift,-90.0,-49262.0,-70.71428571428571,0.2552140154532465,0.7966768915011748,Sunday,True,False,39
2024-06-17,159.0,310.0,272.0,7318,224.0,1.0,0.8774193548387097,0.030609456135556164,496.0,159.0,3.119496855345912,2024-06,pre_2025_shift,-65.0,-49327.0,-71.57142857142857,0.233605531366617,0.810631903451484,Monday,False,False,39
2024-06-18,160.0,297.0,253.0,7340,214.0,1.0,0.8518518518518519,0.029155313351498638,467.0,160.0,2.91875,2024-06,pre_2025_shift,-54.0,-49381.0,-51.285714285714285,0.20281928874873908,0.8313800829052829,Tuesday,False,False,39
2024-06-19,204.0,321.0,246.0,7433,198.0,1.0,0.7663551401869159,0.026637965828064037,444.0,204.0,2.176470588235294,2024-06,pre_2025_shift,6.0,-49375.0,-46.42857142857143,0.1990576887688021,0.8339882303968249,Wednesday,False,True,40
2024-06-20,145.0,247.0,243.0,7431,235.0,1.0,0.9838056680161943,0.03162427667877809,478.0,145.0,3.296551724137931,2024-06,pre_2025_shift,-90.0,-49465.0,-63.57142857142857,0.18219952681016124,0.8458809002387471,Thursday,False,False,41
2024-06-23,102.0,227.0,201.0,7247,294.0,3.0,0.8854625550660793,0.04056851110804471,495.0,102.0,4.852941176470588,2024-06,pre_2025_shift,-192.0,-49657.0,-82.42857142857143,0.19771839543050415,0.8349207992589637,Sunday,True,False,41
2024-06-24,116.0,175.0,172.0,7239,202.0,1.0,0.9828571428571429,0.027904406686006356,374.0,116.0,3.2241379310344827,2024-06,pre_2025_shift,-86.0,-49743.0,-81.57142857142857,0.19560007526613524,0.8364000811704569,Monday,False,False,41
2024-06-25,172.0,263.0,191.0,7239,202.0,1.0,0.7262357414448669,0.027904406686006356,393.0,172.0,2.2848837209302326,2024-06,pre_2025_shift,-30.0,-49773.0,-73.0,0.19073029990245716,0.8398207386525047,Tuesday,False,False,41
2024-06-26,132.0,235.0,197.0,7268,187.0,1.0,0.8382978723404255,0.02572922399559714,384.0,132.0,2.909090909090909,2024-06,pre_2025_shift,-55.0,-49828.0,-71.57142857142857,0.1989605491847922,0.8340557999843522,Wednesday,False,False,41
2024-06-27,174.0,208.0,256.0,7248,268.0,1.0,1.2307692307692308,0.0369757174392936,524.0,174.0,3.0114942528735633,2024-06,pre_2025_shift,-94.0,-49922.0,-77.28571428571429,0.18328834315768167,0.845102553221673,Thursday,False,False,41
2024-06-30,123.0,230.0,167.0,6874,273.0,3.0,0.7260869565217392,0.03971486761710794,440.0,123.0,3.5772357723577235,2024-06,pre_2025_shift,-150.0,-50072.0,-99.57142857142857,0.1929736838935574,0.8382414578804948,Sunday,True,False,41
2024-07-01,123.0,233.0,159.0,6825,229.0,1.0,0.6824034334763949,0.03355311355311355,388.0,123.0,3.154471544715447,2024-07,pre_2025_shift,-106.0,-50178.0,-101.85714285714286,0.1623192228577438,0.8603488442197001,Monday,False,False,41
2024-07-02,141.0,232.0,188.0,6823,184.0,1.0,0.8103448275862069,0.026967609555913822,372.0,141.0,2.6382978723404253,2024-07,pre_2025_shift,-43.0,-50221.0,-80.57142857142857,0.16513686508693548,0.8582682687028241,Tuesday,False,False,41
2024-07-04,158.0,226.0,191.0,6790,225.0,2.0,0.8451327433628318,0.03313696612665685,416.0,158.0,2.632911392405063,2024-07,pre_2025_shift,-67.0,-50288.0,-77.85714285714286,0.1647705324976062,0.8585382031048722,Thursday,False,False,41
2024-07-07,96.0,160.0,233.0,6599,213.0,3.0,1.45625,0.032277617820881954,446.0,96.0,4.645833333333333,2024-07,pre_2025_shift,-117.0,-50405.0,-90.28571428571429,0.15104151318198983,0.8687783963895064,Sunday,True,False,41
2024-07-08,141.0,173.0,129.0,6617,123.0,1.0,0.7456647398843931,0.018588484207344717,252.0,141.0,1.7872340425531914,2024-07,pre_2025_shift,18.0,-50387.0,-79.85714285714286,0.1923379388913121,0.838688401486112,Monday,False,True,42
2024-07-09,116.0,181.0,182.0,6651,130.0,1.0,1.0055248618784531,0.019545932942414676,312.0,116.0,2.689655172413793,2024-07,pre_2025_shift,-14.0,-50401.0,-68.42857142857143,0.2205085738416151,0.8193305818839497,Tuesday,False,False,43
2024-07-10,150.0,157.0,201.0,6649,177.0,1.0,1.2802547770700636,0.02662054444277335,378.0,150.0,2.52,2024-07,pre_2025_shift,-27.0,-50428.0,-50.857142857142854,0.22054087294231897,0.8193088999873734,Wednesday,False,False,43
2024-07-11,80.0,176.0,125.0,6640,197.0,1.0,0.7102272727272727,0.02966867469879518,322.0,80.0,4.025,2024-07,pre_2025_shift,-117.0,-50545.0,-52.42857142857143,0.22108689123406527,0.8189425397805814,Thursday,False,False,43
2024-07-14,116.0,188.0,164.0,6308,237.0,3.0,0.8723404255319149,0.037571337983512997,401.0,116.0,3.456896551724138,2024-07,pre_2025_shift,-121.0,-50666.0,-63.57142857142857,0.2115789583900339,0.8253692366272327,Sunday,True,False,43
2024-07-15,105.0,185.0,158.0,6283,171.0,1.0,0.8540540540540541,0.027216297946840683,329.0,105.0,3.1333333333333333,2024-07,pre_2025_shift,-66.0,-50732.0,-63.42857142857143,0.2125356043301931,0.8247180506937789,Monday,False,False,43
2024-07-16,136.0,246.0,123.0,6239,173.0,1.0,0.5,0.02772880269273922,296.0,136.0,2.176470588235294,2024-07,pre_2025_shift,-37.0,-50769.0,-52.0,0.21275925575565865,0.8245659600238711,Tuesday,False,False,43
2024-07-17,128.0,228.0,177.0,6228,187.0,1.0,0.7763157894736842,0.030025690430314708,364.0,128.0,2.84375,2024-07,pre_2025_shift,-59.0,-50828.0,-63.0,0.20716343227430042,0.8283882474107058,Wednesday,False,False,43
2024-07-21,90.0,196.0,205.0,6058,262.0,4.0,1.0459183673469388,0.04324859689666557,467.0,90.0,5.188888888888889,2024-07,pre_2025_shift,-172.0,-51000.0,-85.57142857142857,0.22804607449611447,0.81430169499977,Sunday,True,False,43
2024-07-22,102.0,189.0,155.0,6002,234.0,1.0,0.8201058201058201,0.03898700433188937,389.0,102.0,3.8137254901960786,2024-07,pre_2025_shift,-132.0,-51132.0,-100.57142857142857,0.2260430027014266,0.8156320763599888,Monday,False,False,43
2024-07-23,120.0,257.0,126.0,5965,170.0,1.0,0.490272373540856,0.028499580888516344,296.0,120.0,2.466666666666667,2024-07,pre_2025_shift,-50.0,-51182.0,-91.0,0.22717149812308304,0.8148820287380093,Tuesday,False,False,43
2024-07-24,137.0,272.0,166.0,5927,177.0,1.0,0.6102941176470589,0.02986333727011979,343.0,137.0,2.5036496350364965,2024-07,pre_2025_shift,-40.0,-51222.0,-79.42857142857143,0.2237766865520215,0.817142548137185,Wednesday,False,False,43
2024-07-25,93.0,198.0,208.0,5954,194.0,1.0,1.0505050505050506,0.03258313738663084,402.0,93.0,4.32258064516129,2024-07,pre_2025_shift,-101.0,-51323.0,-84.42857142857143,0.22351240276166018,0.8173190543412903,Thursday,False,False,43
2024-07-28,152.0,290.0,199.0,5743,207.0,3.0,0.6862068965517242,0.03604387950548494,406.0,152.0,2.6710526315789473,2024-07,pre_2025_shift,-55.0,-51378.0,-87.0,0.2269092062660095,0.8150562363480932,Sunday,True,False,43
2024-07-29,114.0,210.0,219.0,5819,163.0,1.0,1.042857142857143,0.028011685856676405,382.0,114.0,3.3508771929824563,2024-07,pre_2025_shift,-49.0,-51427.0,-85.57142857142857,0.19515571609815835,0.8367110549115007,Monday,False,False,43
2024-07-30,125.0,203.0,208.0,5930,92.0,1.0,1.0246305418719213,0.01551433389544688,300.0,125.0,2.4,2024-07,pre_2025_shift,33.0,-51394.0,-56.285714285714285,0.2181129414675025,0.8209419389266693,Tuesday,False,True,44
2024-07-31,140.0,261.0,163.0,5963,154.0,1.0,0.6245210727969349,0.02582592654704008,317.0,140.0,2.2642857142857142,2024-07,pre_2025_shift,-14.0,-51408.0,-39.42857142857143,0.2198629406661279,0.8197642265072272,Wednesday,False,False,45
2024-08-01,227.0,298.0,212.0,6016,169.0,1.0,0.7114093959731543,0.028091755319148936,381.0,227.0,1.6784140969162995,2024-08,pre_2025_shift,58.0,-51350.0,-24.0,0.22174074693999113,0.8185042551004623,Thursday,False,True,46
2024-08-04,63.0,167.0,143.0,5943,170.0,3.0,0.8562874251497006,0.028605081608615177,313.0,63.0,4.968253968253968,2024-08,pre_2025_shift,-107.0,-51457.0,-33.57142857142857,0.21697634270667654,0.821708660150205,Sunday,True,False,47
2024-08-05,172.0,259.0,138.0,5950,150.0,1.0,0.5328185328185329,0.025210084033613446,288.0,172.0,1.6744186046511629,2024-08,pre_2025_shift,22.0,-51435.0,-16.0,0.22095783641538164,0.8190291017222239,Monday,False,True,48
2024-08-06,163.0,283.0,200.0,5998,143.0,1.0,0.7067137809187279,0.023841280426808935,343.0,163.0,2.104294478527607,2024-08,pre_2025_shift,20.0,-51415.0,-5.285714285714286,0.22899775158213048,0.8136711387084852,Tuesday,False,True,48
2024-08-07,135.0,273.0,207.0,6038,174.0,1.0,0.7582417582417582,0.028817489234845974,381.0,135.0,2.8222222222222224,2024-08,pre_2025_shift,-39.0,-51454.0,-3.857142857142857,0.22972866573957662,0.8131875167751624,Wednesday,False,False,49
2024-08-08,119.0,230.0,213.0,6084,174.0,1.0,0.9260869565217391,0.028599605522682446,387.0,119.0,3.2521008403361344,2024-08,pre_2025_shift,-55.0,-51509.0,-16.428571428571427,0.19346854234396524,0.837893890387765,Thursday,False,False,49
2024-08-11,95.0,211.0,140.0,5894,249.0,3.0,0.6635071090047393,0.04224635222259925,389.0,95.0,4.094736842105263,2024-08,pre_2025_shift,-154.0,-51663.0,-36.42857142857143,0.21012928471841408,0.8263579872233989,Sunday,True,False,49
2024-08-12,109.0,219.0,155.0,5903,148.0,1.0,0.7077625570776256,0.025071997289513807,303.0,109.0,2.779816513761468,2024-08,pre_2025_shift,-39.0,-51702.0,-50.285714285714285,0.21466837020025104,0.8232699760142264,Monday,False,False,49
2024-08-13,162.0,239.0,189.0,5981,123.0,1.0,0.7907949790794979,0.02056512288914897,312.0,162.0,1.9259259259259258,2024-08,pre_2025_shift,39.0,-51663.0,-29.428571428571427,0.2317207158347452,0.811872356406942,Tuesday,False,True,50
2024-08-14,109.0,226.0,191.0,5987,178.0,1.0,0.8451327433628318,0.029731084015366626,369.0,109.0,3.385321100917431,2024-08,pre_2025_shift,-69.0,-51732.0,-42.42857142857143,0.22910419577992755,0.8136006722891792,Wednesday,False,False,51
2024-08-15,124.0,241.0,156.0,5895,220.0,1.0,0.6473029045643154,0.037319762510602206,376.0,124.0,3.032258064516129,2024-08,pre_2025_shift,-96.0,-51828.0,-59.0,0.23337426704608893,0.8107839013010897,Thursday,False,False,51
2024-08-18,86.0,244.0,235.0,5821,178.0,3.0,0.9631147540983607,0.030578938326747983,413.0,86.0,4.8023255813953485,2024-08,pre_2025_shift,-92.0,-51920.0,-66.57142857142857,0.23350970587044845,0.810694877584552,Sunday,True,False,51
2024-08-19,176.0,254.0,162.0,5865,158.0,1.0,0.6377952755905512,0.026939471440750214,320.0,176.0,1.8181818181818181,2024-08,pre_2025_shift,18.0,-51902.0,-56.142857142857146,0.19083606744538978,0.8397461475492795,Monday,False,True,52
2024-08-20,136.0,274.0,245.0,5995,112.0,1.0,0.8941605839416058,0.018682235195996665,357.0,136.0,2.625,2024-08,pre_2025_shift,24.0,-51878.0,-30.714285714285715,0.21515613951845106,0.8229395116221736,Tuesday,False,True,52
2024-08-21,134.0,245.0,167.0,6028,156.0,1.0,0.6816326530612244,0.025879230258792303,323.0,134.0,2.41044776119403,2024-08,pre_2025_shift,-22.0,-51900.0,-28.285714285714285,0.2174703839019067,0.8213752163687715,Wednesday,False,False,53
2024-08-22,182.0,307.0,205.0,6054,171.0,1.0,0.6677524429967426,0.028245787908820614,376.0,182.0,2.065934065934066,2024-08,pre_2025_shift,11.0,-51889.0,-32.285714285714285,0.21759977548171594,0.8212879306785125,Thursday,False,True,54
2024-08-27,149.0,285.0,222.0,6152,97.0,5.0,0.7789473684210526,0.015767230169050715,319.0,149.0,2.140939597315436,2024-08,pre_2025_shift,52.0,-51837.0,-15.0,0.25230475191088736,0.7985276734549666,Tuesday,False,True,54
2024-08-28,170.0,285.0,178.0,6227,134.0,1.0,0.624561403508772,0.021519190621487074,312.0,170.0,1.8352941176470587,2024-08,pre_2025_shift,36.0,-51801.0,3.857142857142857,0.25815004143090176,0.794817761848733,Wednesday,False,True,54
2024-08-29,145.0,295.0,188.0,6250,169.0,1.0,0.6372881355932203,0.02704,357.0,145.0,2.462068965517241,2024-08,pre_2025_shift,-24.0,-51825.0,13.571428571428571,0.2587471251548268,0.7944407419218529,Thursday,False,False,55
2024-09-02,133.0,270.0,198.0,6192,129.0,4.0,0.7333333333333333,0.020833333333333332,327.0,133.0,2.4586466165413534,2024-09,pre_2025_shift,4.0,-51821.0,11.571428571428571,0.2706169762901581,0.7870192344822253,Monday,False,True,56
2024-09-03,131.0,263.0,177.0,6272,112.0,1.0,0.6730038022813688,0.017857142857142856,289.0,131.0,2.2061068702290076,2024-09,pre_2025_shift,19.0,-51802.0,10.857142857142858,0.23770004260909192,0.8079502024513013,Tuesday,False,True,56
2024-09-04,121.0,231.0,219.0,6375,114.0,1.0,0.948051948051948,0.01788235294117647,333.0,121.0,2.7520661157024793,2024-09,pre_2025_shift,7.0,-51795.0,15.0,0.2540791301133132,0.7973978483396373,Wednesday,False,True,56
2024-09-05,126.0,230.0,175.0,6448,121.0,1.0,0.7608695652173914,0.018765508684863524,296.0,126.0,2.3492063492063493,2024-09,pre_2025_shift,5.0,-51790.0,14.142857142857142,0.2595849538476959,0.7939123097217594,Thursday,False,True,56
2024-09-08,123.0,255.0,164.0,6312,221.0,3.0,0.6431372549019608,0.03501267427122941,385.0,123.0,3.130081300813008,2024-09,pre_2025_shift,-98.0,-51888.0,-7.285714285714286,0.2762995769373677,0.7835151073227014,Sunday,True,False,57
2024-09-09,144.0,275.0,190.0,6353,141.0,1.0,0.6909090909090909,0.022194238942232016,331.0,144.0,2.298611111111111,2024-09,pre_2025_shift,3.0,-51885.0,-12.0,0.24219674860150675,0.805025452792259,Monday,False,True,58
2024-09-10,131.0,251.0,180.0,6396,148.0,1.0,0.7171314741035857,0.023139462163852407,328.0,131.0,2.50381679389313,2024-09,pre_2025_shift,-17.0,-51902.0,-11.0,0.2306185342185875,0.812599495452078,Tuesday,False,False,59
2024-09-11,93.0,248.0,175.0,6410,162.0,1.0,0.7056451612903226,0.02527301092043682,337.0,93.0,3.6236559139784945,2024-09,pre_2025_shift,-69.0,-51971.0,-21.428571428571427,0.22823646111867288,0.8141754716263707,Wednesday,False,False,59
2024-09-12,184.0,280.0,210.0,6360,220.0,1.0,0.75,0.03459119496855346,430.0,184.0,2.3369565217391304,2024-09,pre_2025_shift,-36.0,-52007.0,-29.285714285714285,0.2482812480697289,0.8011015158213288,Thursday,False,False,59
2024-09-13,81.0,200.0,212.0,6326,279.0,1.0,1.06,0.0441036990199178,491.0,81.0,6.061728395061729,2024-09,pre_2025_shift,-198.0,-52205.0,-58.57142857142857,0.3191649094793039,0.7580553369894568,Friday,False,False,59
2024-09-15,98.0,220.0,167.0,6234,210.0,2.0,0.759090909090909,0.03368623676612127,377.0,98.0,3.8469387755102042,2024-09,pre_2025_shift,-112.0,-52317.0,-75.28571428571429,0.325559036865478,0.75439868929918,Sunday,True,False,59
2024-09-16,113.0,209.0,160.0,6229,164.0,1.0,0.7655502392344498,0.026328463637823086,324.0,113.0,2.8672566371681416,2024-09,pre_2025_shift,-51.0,-52368.0,-68.57142857142857,0.29755975017132,0.7706774195700564,Monday,False,False,59
2024-09-17,159.0,304.0,139.0,6227,160.0,1.0,0.45723684210526316,0.025694555965954713,299.0,159.0,1.880503144654088,2024-09,pre_2025_shift,-1.0,-52369.0,-69.14285714285714,0.28980239283334297,0.775312563813185,Tuesday,False,False,59
2024-09-18,116.0,213.0,217.0,6245,149.0,1.0,1.0187793427230047,0.02385908726981585,366.0,116.0,3.1551724137931036,2024-09,pre_2025_shift,-33.0,-52402.0,-71.42857142857143,0.2935445106932409,0.7730696483448232,Wednesday,False,False,59
2024-09-19,93.0,196.0,169.0,6270,188.0,1.0,0.8622448979591837,0.029984051036682616,357.0,93.0,3.838709677419355,2024-09,pre_2025_shift,-95.0,-52497.0,-75.14285714285714,0.28206844919791174,0.7799895556478443,Thursday,False,False,59
2024-09-22,124.0,234.0,161.0,5989,197.0,3.0,0.688034188034188,0.032893638336951074,358.0,124.0,2.8870967741935485,2024-09,pre_2025_shift,-73.0,-52570.0,-80.42857142857143,0.2592035935289135,0.7941527526914879,Sunday,True,False,59
2024-09-23,92.0,203.0,173.0,6002,165.0,1.0,0.8522167487684729,0.02749083638787071,338.0,92.0,3.6739130434782608,2024-09,pre_2025_shift,-73.0,-52643.0,-62.57142857142857,0.23184330996597582,0.8117915581549252,Monday,False,False,59
2024-09-24,186.0,259.0,172.0,6023,143.0,1.0,0.6640926640926641,0.023742321102440643,315.0,186.0,1.6935483870967742,2024-09,pre_2025_shift,43.0,-52600.0,-40.42857142857143,0.21329884654360065,0.8241992505381192,Tuesday,False,True,60
2024-09-25,154.0,225.0,220.0,6050,169.0,1.0,0.9777777777777777,0.02793388429752066,389.0,154.0,2.5259740259740258,2024-09,pre_2025_shift,-15.0,-52615.0,-35.285714285714285,0.2090120814730785,0.8271215940055661,Wednesday,False,False,61
2024-09-26,91.0,199.0,172.0,6090,185.0,1.0,0.864321608040201,0.030377668308702793,357.0,91.0,3.923076923076923,2024-09,pre_2025_shift,-94.0,-52709.0,-48.57142857142857,0.19508653582665958,0.8367594898124132,Thursday,False,False,61
2024-09-29,81.0,213.0,153.0,5925,177.0,3.0,0.7183098591549296,0.029873417721518986,330.0,81.0,4.074074074074074,2024-09,pre_2025_shift,-96.0,-52805.0,-57.57142857142857,0.18266264501646925,0.8455496622082576,Sunday,True,False,61
2024-09-30,209.0,285.0,184.0,5967,138.0,1.0,0.6456140350877193,0.023127199597787834,322.0,209.0,1.5406698564593302,2024-09,pre_2025_shift,71.0,-52734.0,-33.857142857142854,0.18911374668790512,0.8409624418062169,Monday,False,True,62
2024-10-01,184.0,314.0,217.0,6040,137.0,1.0,0.6910828025477707,0.022682119205298012,354.0,184.0,1.923913043478261,2024-10,pre_2025_shift,47.0,-52687.0,-16.714285714285715,0.19748177367923803,0.8350857791576407,Tuesday,False,True,62
2024-10-02,107.0,215.0,230.0,6091,173.0,1.0,1.069767441860465,0.028402561155803644,403.0,107.0,3.7663551401869158,2024-10,pre_2025_shift,-66.0,-52753.0,-15.714285714285714,0.12828840698545135,0.8862982140105375,Wednesday,False,False,63
2024-10-03,101.0,162.0,178.0,6118,193.0,1.0,1.0987654320987654,0.03154625694671461,371.0,101.0,3.6732673267326734,2024-10,pre_2025_shift,-92.0,-52845.0,-35.0,0.12001000518651682,0.8928491668549592,Thursday,False,False,63
2024-10-07,99.0,190.0,176.0,5968,153.0,4.0,0.9263157894736842,0.025636729222520107,329.0,99.0,3.323232323232323,2024-10,pre_2025_shift,-54.0,-52899.0,-40.57142857142857,0.12106044251841706,0.8920125642409971,Monday,False,False,63
2024-10-08,167.0,239.0,166.0,6013,123.0,1.0,0.694560669456067,0.02045567936138367,289.0,167.0,1.7305389221556886,2024-10,pre_2025_shift,44.0,-52855.0,-20.857142857142858,0.14003992436413817,0.8771622630301776,Tuesday,False,True,64
2024-10-09,115.0,216.0,169.0,6047,137.0,1.0,0.7824074074074074,0.022655862411112948,306.0,115.0,2.6608695652173915,2024-10,pre_2025_shift,-22.0,-52877.0,-10.285714285714286,0.14381279005707406,0.8742689439152905,Wednesday,False,False,65
2024-10-10,84.0,158.0,193.0,6075,159.0,1.0,1.2215189873417722,0.02617283950617284,352.0,84.0,4.190476190476191,2024-10,pre_2025_shift,-75.0,-52952.0,-31.142857142857142,0.14153787340925375,0.87601123299874,Thursday,False,False,65
2024-10-13,130.0,227.0,192.0,5889,210.0,3.0,0.8458149779735683,0.03565970453387672,402.0,130.0,3.0923076923076924,2024-10,pre_2025_shift,-80.0,-53032.0,-49.285714285714285,0.15553353981300896,0.8654011030799005,Sunday,True,False,65
2024-10-14,88.0,214.0,160.0,5935,106.0,1.0,0.7476635514018691,0.017860151642796966,266.0,88.0,3.022727272727273,2024-10,pre_2025_shift,-18.0,-53050.0,-42.42857142857143,0.1837292407974708,0.844787782150508,Monday,False,False,65
2024-10-15,113.0,208.0,159.0,6013,107.0,1.0,0.7644230769230769,0.017794777981041076,266.0,113.0,2.353982300884956,2024-10,pre_2025_shift,6.0,-53044.0,-28.428571428571427,0.20500954495252846,0.8298689451786834,Tuesday,False,True,66
2024-10-16,174.0,285.0,150.0,6036,129.0,1.0,0.5263157894736842,0.021371769383697812,279.0,174.0,1.603448275862069,2024-10,pre_2025_shift,45.0,-52999.0,-14.285714285714286,0.21197237688685794,0.8251013134215629,Wednesday,False,True,66
2024-10-17,104.0,230.0,206.0,6076,160.0,1.0,0.8956521739130435,0.026333113890717578,366.0,104.0,3.519230769230769,2024-10,pre_2025_shift,-56.0,-53055.0,-28.571428571428573,0.20674368576781657,0.8286763890243424,Thursday,False,False,67
2024-10-20,147.0,276.0,214.0,5918,195.0,3.0,0.7753623188405797,0.03295032105441027,409.0,147.0,2.7823129251700682,2024-10,pre_2025_shift,-48.0,-53103.0,-32.285714285714285,0.21615909733918842,0.8222608392174027,Sunday,True,False,67
2024-10-21,108.0,220.0,213.0,5966,154.0,1.0,0.9681818181818181,0.025812939993295342,367.0,108.0,3.3981481481481484,2024-10,pre_2025_shift,-46.0,-53149.0,-28.142857142857142,0.2133033361797689,0.8241962007197804,Monday,False,False,67
2024-10-22,180.0,280.0,146.0,6043,109.0,1.0,0.5214285714285715,0.018037398643058082,255.0,180.0,1.4166666666666667,2024-10,pre_2025_shift,71.0,-53078.0,-6.571428571428571,0.2285627908349962,0.8139592110878981,Tuesday,False,True,68
2024-10-23,134.0,294.0,186.0,6077,138.0,1.0,0.6326530612244898,0.022708573309198617,324.0,134.0,2.417910447761194,2024-10,pre_2025_shift,-4.0,-53082.0,-4.571428571428571,0.23012154048631925,0.8129278019183841,Wednesday,False,False,69
2024-10-27,202.0,313.0,158.0,5974,192.0,4.0,0.5047923322683706,0.03213927017073987,350.0,202.0,1.7326732673267327,2024-10,pre_2025_shift,10.0,-53072.0,-4.0,0.23205430018848405,0.8116525382420372,Sunday,True,True,70
2024-10-28,110.0,272.0,193.0,6008,156.0,1.0,0.7095588235294118,0.02596537949400799,349.0,110.0,3.172727272727273,2024-10,pre_2025_shift,-46.0,-53118.0,-17.0,0.23203100717169625,0.8116678835020908,Monday,False,False,71
2024-10-29,166.0,277.0,229.0,6106,126.0,1.0,0.8267148014440433,0.020635440550278415,355.0,166.0,2.13855421686747,2024-10,pre_2025_shift,40.0,-53078.0,-3.2857142857142856,0.23150336167788832,0.8120156477993925,Tuesday,False,True,72
2024-10-30,136.0,276.0,178.0,6149,160.0,1.0,0.644927536231884,0.026020491136770206,338.0,136.0,2.485294117647059,2024-10,pre_2025_shift,-24.0,-53102.0,0.14285714285714285,0.228360883936259,0.8140930023720058,Wednesday,False,False,73
2024-10-31,87.0,246.0,173.0,6148,177.0,1.0,0.7032520325203252,0.028789850357839947,350.0,87.0,4.022988505747127,2024-10,pre_2025_shift,-90.0,-53192.0,-6.142857142857143,0.23004546034851975,0.8129780827097732,Thursday,False,False,73
2024-11-03,84.0,171.0,157.0,5990,184.0,3.0,0.9181286549707602,0.030717863105175294,341.0,84.0,4.059523809523809,2024-11,pre_2025_shift,-100.0,-53292.0,-30.571428571428573,0.21042233413748151,0.8261579217410726,Sunday,True,False,73
2024-11-04,167.0,209.0,157.0,6007,132.0,1.0,0.7511961722488039,0.021974363242883304,289.0,167.0,1.7305389221556886,2024-11,pre_2025_shift,35.0,-53257.0,-25.0,0.1954313687211273,0.8365181190366454,Monday,False,True,74
2024-11-05,109.0,245.0,159.0,6045,126.0,1.0,0.6489795918367347,0.020843672456575684,285.0,109.0,2.614678899082569,2024-11,pre_2025_shift,-17.0,-53274.0,-28.857142857142858,0.1822996195322865,0.8458092885080994,Tuesday,False,False,75
2024-11-06,156.0,256.0,176.0,6086,137.0,1.0,0.6875,0.022510680249753532,313.0,156.0,2.0064102564102564,2024-11,pre_2025_shift,19.0,-53255.0,-19.571428571428573,0.17914934366147095,0.8480689959889389,Wednesday,False,True,76
2024-11-07,125.0,232.0,192.0,6084,177.0,1.0,0.8275862068965517,0.029092702169625246,369.0,125.0,2.952,2024-11,pre_2025_shift,-52.0,-53307.0,-32.714285714285715,0.1817839888424626,0.8461783282234878,Thursday,False,False,77
2024-11-11,118.0,139.0,168.0,5963,145.0,4.0,1.20863309352518,0.024316619151433842,313.0,118.0,2.652542372881356,2024-11,pre_2025_shift,-27.0,-53334.0,-33.142857142857146,0.16597454503968603,0.8576516565084731,Monday,False,False,77
2024-11-12,142.0,235.0,139.0,5975,138.0,1.0,0.5914893617021276,0.02309623430962343,277.0,142.0,1.9507042253521127,2024-11,pre_2025_shift,4.0,-53330.0,-19.714285714285715,0.16812183470932604,0.8560750859081738,Tuesday,False,True,78
2024-11-13,148.0,245.0,175.0,5966,151.0,1.0,0.7142857142857143,0.02531009051290647,326.0,148.0,2.2027027027027026,2024-11,pre_2025_shift,-3.0,-53333.0,-5.857142857142857,0.14573421261697794,0.8728027748389345,Wednesday,False,False,79
2024-11-14,119.0,219.0,210.0,6025,172.0,1.0,0.958904109589041,0.028547717842323652,382.0,119.0,3.2100840336134455,2024-11,pre_2025_shift,-53.0,-53386.0,-18.428571428571427,0.14396242252351843,0.8741545878701633,Thursday,False,False,79
2024-11-17,105.0,210.0,149.0,5816,195.0,3.0,0.7095238095238096,0.03352819807427786,344.0,105.0,3.276190476190476,2024-11,pre_2025_shift,-90.0,-53476.0,-28.857142857142858,0.15111164269213478,0.8687254675500231,Sunday,True,False,79
2024-11-18,143.0,203.0,163.0,5819,138.0,1.0,0.8029556650246306,0.023715415019762844,301.0,143.0,2.104895104895105,2024-11,pre_2025_shift,5.0,-53471.0,-30.857142857142858,0.153590283974939,0.8668588959975363,Monday,False,True,80
2024-11-19,119.0,209.0,152.0,5844,146.0,1.0,0.7272727272727273,0.024982888432580425,298.0,119.0,2.504201680672269,2024-11,pre_2025_shift,-27.0,-53498.0,-27.285714285714285,0.1416179853095056,0.8759497597866668,Tuesday,False,False,81
2024-11-20,155.0,212.0,181.0,5879,148.0,1.0,0.8537735849056604,0.025174349379146112,329.0,155.0,2.1225806451612903,2024-11,pre_2025_shift,7.0,-53491.0,-22.428571428571427,0.14217578907117942,0.8755219726844349,Wednesday,False,True,82
2024-11-21,109.0,214.0,173.0,5850,210.0,1.0,0.8084112149532711,0.035897435897435895,383.0,109.0,3.5137614678899083,2024-11,pre_2025_shift,-101.0,-53592.0,-37.42857142857143,0.17073298573428392,0.8541657339336005,Thursday,False,False,83
2024-11-24,191.0,283.0,192.0,5664,207.0,3.0,0.6784452296819788,0.036546610169491525,399.0,191.0,2.089005235602094,2024-11,pre_2025_shift,-16.0,-53608.0,-39.285714285714285,0.1923438569706029,0.838684238740247,Sunday,True,False,83
2024-11-25,170.0,297.0,196.0,5715,129.0,1.0,0.6599326599326599,0.02257217847769029,325.0,170.0,1.911764705882353,2024-11,pre_2025_shift,41.0,-53567.0,-25.857142857142858,0.19051532417909403,0.839972388166896,Monday,False,True,84
2024-11-26,152.0,272.0,214.0,5826,112.0,1.0,0.7867647058823529,0.01922416752488843,326.0,152.0,2.1447368421052633,2024-11,pre_2025_shift,40.0,-53527.0,-7.285714285714286,0.19740694430789954,0.835137966047123,Tuesday,False,True,84
2024-11-27,239.0,367.0,224.0,5862,211.0,1.0,0.6103542234332425,0.03599454111224838,435.0,239.0,1.8200836820083681,2024-11,pre_2025_shift,28.0,-53499.0,-4.0,0.20436127727448664,0.8303156360714588,Wednesday,False,True,84
2024-11-28,113.0,280.0,237.0,5963,143.0,1.0,0.8464285714285714,0.02398121750796579,380.0,113.0,3.3628318584070795,2024-11,pre_2025_shift,-30.0,-53529.0,-4.428571428571429,0.20959922804523,0.8267201043241797,Thursday,False,False,85
2024-12-01,196.0,306.0,187.0,5986,149.0,3.0,0.6111111111111112,0.02489141329769462,336.0,196.0,1.7142857142857142,2024-12,pre_2025_shift,47.0,-53482.0,1.2857142857142858,0.20850477613673774,0.8274688025617316,Sunday,True,True,86
2024-12-02,236.0,330.0,222.0,6061,115.0,1.0,0.6727272727272727,0.018973766705164163,337.0,236.0,1.4279661016949152,2024-12,pre_2025_shift,121.0,-53361.0,33.0,0.2231301703664785,0.8175744693636137,Monday,False,True,86
2024-12-03,81.0,230.0,242.0,6192,107.0,1.0,1.0521739130434782,0.01728036175710594,349.0,81.0,4.308641975308642,2024-12,pre_2025_shift,-26.0,-53387.0,31.571428571428573,0.24828767642183674,0.8010973903599348,Tuesday,False,False,87
2024-12-04,118.0,245.0,160.0,6269,115.0,1.0,0.6530612244897959,0.01834423353006859,275.0,118.0,2.330508474576271,2024-12,pre_2025_shift,3.0,-53384.0,26.142857142857142,0.2675410687412527,0.7889290727227184,Wednesday,False,True,88
2024-12-05,218.0,283.0,208.0,6310,150.0,1.0,0.734982332155477,0.02377179080824089,358.0,218.0,1.6422018348623852,2024-12,pre_2025_shift,68.0,-53316.0,30.142857142857142,0.2607113272821855,0.7932029944997627,Thursday,False,True,88
2024-12-08,132.0,243.0,183.0,6286,172.0,3.0,0.7530864197530864,0.02736239261851734,355.0,132.0,2.6893939393939394,2024-12,pre_2025_shift,-40.0,-53356.0,20.428571428571427,0.25856033630538267,0.794558648602887,Sunday,True,False,89
2024-12-09,224.0,315.0,152.0,6268,174.0,1.0,0.48253968253968255,0.027760051052967454,326.0,224.0,1.4553571428571428,2024-12,pre_2025_shift,50.0,-53306.0,31.857142857142858,0.25771773228128225,0.7950909606610802,Monday,False,True,90
2024-12-10,167.0,326.0,213.0,6310,149.0,1.0,0.6533742331288344,0.023613312202852614,362.0,167.0,2.1676646706586826,2024-12,pre_2025_shift,18.0,-53288.0,27.714285714285715,0.2596382679195164,0.7938787074575399,Tuesday,False,True,90
2024-12-11,209.0,353.0,232.0,6402,152.0,1.0,0.6572237960339944,0.023742580443611373,384.0,209.0,1.8373205741626795,2024-12,pre_2025_shift,57.0,-53231.0,18.571428571428573,0.2395112423009152,0.8067696087561833,Wednesday,False,True,90
2024-12-12,153.0,253.0,286.0,6481,194.0,1.0,1.1304347826086956,0.02993365221416448,480.0,153.0,3.1372549019607843,2024-12,pre_2025_shift,-41.0,-53272.0,16.428571428571427,0.20987937492932623,0.8265286777522048,Thursday,False,False,91
2024-12-15,180.0,337.0,219.0,6408,224.0,3.0,0.6498516320474778,0.03495630461922597,443.0,180.0,2.4611111111111112,2024-12,pre_2025_shift,-44.0,-53316.0,9.714285714285714,0.23207454682877726,0.8116392003827112,Sunday,True,False,91
2024-12-16,133.0,287.0,189.0,6454,149.0,1.0,0.6585365853658537,0.0230864580105361,338.0,133.0,2.5413533834586466,2024-12,pre_2025_shift,-16.0,-53332.0,-2.2857142857142856,0.2213421705459462,0.8187713681850475,Monday,False,False,91
2024-12-17,187.0,310.0,247.0,6506,151.0,1.0,0.7967741935483871,0.02320934521979711,398.0,187.0,2.128342245989305,2024-12,pre_2025_shift,36.0,-53296.0,8.571428571428571,0.19191233540322963,0.8389878771257915,Tuesday,False,True,92
2024-12-18,168.0,285.0,210.0,6598,134.0,1.0,0.7368421052631579,0.020309184601394362,344.0,168.0,2.0476190476190474,2024-12,pre_2025_shift,34.0,-53262.0,6.285714285714286,0.19913860363727243,0.8339319549606379,Wednesday,False,True,92
2024-12-19,269.0,412.0,204.0,6600,238.0,1.0,0.49514563106796117,0.036060606060606064,442.0,269.0,1.6431226765799256,2024-12,pre_2025_shift,31.0,-53231.0,8.142857142857142,0.2318858874390187,0.8117635003343623,Thursday,False,True,92
2024-12-22,100.0,255.0,236.0,6595,268.0,3.0,0.9254901960784314,0.04063684609552692,504.0,100.0,5.04,2024-12,pre_2025_shift,-168.0,-53399.0,-24.0,0.25968031059536445,0.7938522112228369,Sunday,True,False,93
2024-12-23,205.0,294.0,177.0,6548,231.0,1.0,0.6020408163265306,0.03527794746487477,408.0,205.0,1.9902439024390244,2024-12,pre_2025_shift,-26.0,-53425.0,-21.857142857142858,0.2417683913262545,0.8053031523309778,Monday,False,False,93
2024-12-24,161.0,304.0,211.0,6622,155.0,1.0,0.694078947368421,0.023406825732407127,366.0,161.0,2.2732919254658386,2024-12,pre_2025_shift,6.0,-53419.0,-14.714285714285714,0.22364707926737973,0.8172290989316288,Tuesday,False,True,94
2024-12-25,57.0,162.0,193.0,6689,107.0,1.0,1.191358024691358,0.015996412019733893,300.0,57.0,5.2631578947368425,2024-12,pre_2025_shift,-50.0,-53469.0,-19.571428571428573,0.25408574304339077,0.7973936435743377,Wednesday,False,False,95
2024-12-26,80.0,122.0,152.0,6707,135.0,1.0,1.2459016393442623,0.020128224243327865,287.0,80.0,3.5875,2024-12,pre_2025_shift,-55.0,-53524.0,-32.57142857142857,0.269121365194266,0.7879467066153509,Thursday,False,False,95
2024-12-29,107.0,170.0,133.0,6465,216.0,3.0,0.7823529411764706,0.03341067285382831,349.0,107.0,3.2616822429906542,2024-12,pre_2025_shift,-109.0,-53633.0,-53.0,0.27242235807174897,0.7859025689515685,Sunday,True,False,95
2024-12-30,99.0,156.0,139.0,6454,177.0,1.0,0.8910256410256411,0.02742485280446235,316.0,99.0,3.191919191919192,2024-12,pre_2025_shift,-78.0,-53711.0,-68.57142857142857,0.2668501400833072,0.7893593475343822,Monday,False,False,95
2025-01-01,25.0,66.0,94.0,6405,144.0,2.0,1.4242424242424243,0.022482435597189696,238.0,25.0,9.52,2025-01,pre_2025_shift,-119.0,-53830.0,-61.57142857142857,0.2698645122276075,0.7874855863526662,Wednesday,False,False,95
2025-01-02,35.0,70.0,53.0,6292,170.0,1.0,0.7571428571428571,0.0270184361093452,223.0,35.0,6.371428571428571,2025-01,pre_2025_shift,-135.0,-53965.0,-77.14285714285714,0.270830175609722,0.7868872011322973,Thursday,False,False,95
2025-01-05,43.0,73.0,64.0,5882,185.0,3.0,0.8767123287671232,0.031451887113226794,249.0,43.0,5.790697674418604,2025-01,pre_2025_shift,-142.0,-54107.0,-98.28571428571429,0.2652488102446431,0.7903583800301257,Sunday,True,False,95
2025-01-06,41.0,60.0,71.0,5769,190.0,1.0,1.1833333333333333,0.03293465071936211,261.0,41.0,6.365853658536586,2025-01,pre_2025_shift,-149.0,-54256.0,-112.42857142857143,0.2605166484951486,0.7933254996622512,Monday,False,False,95
2025-01-07,65.0,83.0,65.0,5703,133.0,1.0,0.7831325301204819,0.02332105909170612,198.0,65.0,3.046153846153846,2025-01,pre_2025_shift,-68.0,-54324.0,-114.28571428571429,0.26024713664773236,0.7934951573546186,Tuesday,False,False,95
2025-01-08,38.0,80.0,82.0,5605,184.0,1.0,1.025,0.03282783229259589,266.0,38.0,7.0,2025-01,pre_2025_shift,-146.0,-54470.0,-119.57142857142857,0.2440416848161885,0.8038315855531429,Wednesday,False,False,95
2025-01-09,56.0,82.0,68.0,5507,164.0,1.0,0.8292682926829268,0.02978027964408934,232.0,56.0,4.142857142857143,2025-01,pre_2025_shift,-108.0,-54578.0,-123.85714285714286,0.23694904975327408,0.8084407358568757,Thursday,False,False,95
2025-01-12,74.0,103.0,80.0,5092,235.0,3.0,0.7766990291262136,0.04615082482325216,315.0,74.0,4.256756756756757,2025-01,pre_2025_shift,-161.0,-54739.0,-129.85714285714286,0.26453287266095865,0.7908058553635686,Sunday,True,False,95
2025-01-13,68.0,107.0,102.0,5019,181.0,1.0,0.9532710280373832,0.03606296074915322,283.0,68.0,4.161764705882353,2025-01,pre_2025_shift,-113.0,-54852.0,-126.71428571428571,0.2659355730673711,0.7899296151201382,Monday,False,False,95
2025-01-14,92.0,124.0,93.0,4957,139.0,1.0,0.75,0.0280411539237442,232.0,92.0,2.5217391304347827,2025-01,pre_2025_shift,-47.0,-54899.0,-113.14285714285714,0.2577492550680912,0.7950710334118725,Tuesday,False,False,95
2025-01-15,113.0,162.0,107.0,4903,164.0,1.0,0.6604938271604939,0.033448908831327756,271.0,113.0,2.398230088495575,2025-01,pre_2025_shift,-51.0,-54950.0,-99.14285714285714,0.21576815084545162,0.8225252481771255,Wednesday,False,False,95
2025-01-16,106.0,196.0,131.0,4881,159.0,1.0,0.6683673469387755,0.032575291948371235,290.0,106.0,2.7358490566037736,2025-01,pre_2025_shift,-53.0,-55003.0,-97.0,0.18778989242775107,0.841899738644919,Thursday,False,False,95
2025-01-19,86.0,152.0,168.0,4628,176.0,3.0,1.105263157894737,0.03802938634399308,344.0,86.0,4.0,2025-01,pre_2025_shift,-90.0,-55093.0,-89.0,0.1939985636210922,0.8375219455601821,Sunday,True,False,95
2025-01-20,84.0,118.0,136.0,4638,127.0,1.0,1.152542372881356,0.02738249245364381,263.0,84.0,3.130952380952381,2025-01,pre_2025_shift,-43.0,-55136.0,-79.71428571428571,0.19408697723440407,0.8374599330411222,Monday,False,False,95
2025-01-21,59.0,64.0,117.0,4728,54.0,1.0,1.828125,0.011421319796954314,171.0,59.0,2.8983050847457625,2025-01,pre_2025_shift,5.0,-55131.0,-56.0,0.25529050209356624,0.7966283488421252,Tuesday,False,True,96
2025-01-22,62.0,97.0,52.0,4717,83.0,1.0,0.5360824742268041,0.017595929616281536,135.0,62.0,2.1774193548387095,2025-01,pre_2025_shift,-21.0,-55152.0,-42.857142857142854,0.2847984676643795,0.7783321860726442,Wednesday,False,False,97
2025-01-23,91.0,75.0,97.0,4621,174.0,1.0,1.2933333333333332,0.03765418740532352,271.0,91.0,2.978021978021978,2025-01,pre_2025_shift,-83.0,-55235.0,-48.0,0.28833245949403413,0.7761971629533647,Thursday,False,False,97
2025-01-26,29.0,51.0,11.0,4241,182.0,3.0,0.21568627450980393,0.042914406979485974,193.0,29.0,6.655172413793103,2025-01,pre_2025_shift,-153.0,-55388.0,-62.57142857142857,0.3008081357048379,0.768752879499907,Sunday,True,False,97
2025-01-27,33.0,53.0,34.0,4161,127.0,1.0,0.6415094339622641,0.030521509252583512,161.0,33.0,4.878787878787879,2025-01,pre_2025_shift,-94.0,-55482.0,-68.42857142857143,0.2873302297982401,0.7768014584390887,Monday,False,False,97
2025-01-28,32.0,49.0,39.0,4096,101.0,1.0,0.7959183673469388,0.024658203125,140.0,32.0,4.375,2025-01,pre_2025_shift,-69.0,-55551.0,-65.42857142857143,0.29864030258246616,0.7700361662974787,Tuesday,False,False,97
2025-01-29,32.0,50.0,39.0,4036,99.0,1.0,0.78,0.024529236868186324,138.0,32.0,4.3125,2025-01,pre_2025_shift,-67.0,-55618.0,-68.85714285714286,0.30761449813309405,0.7647513861522024,Wednesday,False,False,97
2025-01-30,47.0,42.0,47.0,3923,159.0,1.0,1.119047619047619,0.04053020647463676,206.0,47.0,4.382978723404255,2025-01,pre_2025_shift,-112.0,-55730.0,-85.57142857142857,0.29188147923391633,0.7740648163738661,Thursday,False,False,97
2025-02-02,20.0,22.0,41.0,3483,168.0,3.0,1.8636363636363635,0.04823428079242033,209.0,20.0,10.45,2025-02,post_2025_shift,-148.0,-148.0,-103.71428571428571,0.31975505560326056,0.7577163624070374,Sunday,True,False,97
2025-02-03,23.0,45.0,11.0,3403,102.0,1.0,0.24444444444444444,0.02997355274757567,113.0,23.0,4.913043478260869,2025-02,post_2025_shift,-79.0,-227.0,-103.14285714285714,0.3172505195602485,0.7591570359249813,Monday,False,False,97
2025-02-04,34.0,54.0,29.0,3359,74.0,1.0,0.5370370370370371,0.022030366180410838,103.0,34.0,3.0294117647058822,2025-02,post_2025_shift,-40.0,-267.0,-87.0,0.33493834797210276,0.7490982647394123,Tuesday,False,False,97
2025-02-05,26.0,36.0,36.0,3290,104.0,1.0,1.0,0.031610942249240125,140.0,26.0,5.384615384615385,2025-02,post_2025_shift,-78.0,-345.0,-84.71428571428571,0.3353257792092817,0.7488809214723271,Wednesday,False,False,97
2025-02-06,25.0,32.0,27.0,3181,145.0,1.0,0.84375,0.045583149952845015,172.0,25.0,6.88,2025-02,post_2025_shift,-120.0,-465.0,-92.0,0.3490966660861674,0.7412367290930134,Thursday,False,False,97
2025-02-09,15.0,13.0,23.0,2878,99.0,3.0,1.7692307692307692,0.03439888811674774,122.0,15.0,8.133333333333333,2025-02,post_2025_shift,-84.0,-549.0,-94.42857142857143,0.34290986077858404,0.744651617510818,Sunday,True,False,97
2025-02-10,16.0,18.0,15.0,2834,63.0,1.0,0.8333333333333334,0.022230063514467185,78.0,16.0,4.875,2025-02,post_2025_shift,-47.0,-596.0,-85.14285714285714,0.2966232383646443,0.7712340565955319,Monday,False,False,97
2025-02-11,11.0,22.0,12.0,2799,50.0,1.0,0.5454545454545454,0.01786352268667381,62.0,11.0,5.636363636363637,2025-02,post_2025_shift,-39.0,-635.0,-69.57142857142857,0.29547699575829706,0.7719164472038024,Tuesday,False,False,97
2025-02-12,16.0,20.0,20.0,2752,66.0,1.0,1.0,0.023982558139534885,86.0,16.0,5.375,2025-02,post_2025_shift,-50.0,-685.0,-65.42857142857143,0.30827606005413616,0.7643646708314913,Wednesday,False,False,97
2025-02-13,15.0,10.0,23.0,2703,72.0,1.0,2.3,0.026637069922308545,95.0,15.0,6.333333333333333,2025-02,post_2025_shift,-57.0,-742.0,-67.85714285714286,0.30252455569050957,0.7677398446203328,Thursday,False,False,97
2025-02-17,8.0,17.0,14.0,2532,15.0,4.0,0.8235294117647058,0.005924170616113744,29.0,8.0,3.625,2025-02,post_2025_shift,-7.0,-749.0,-57.714285714285715,0.39381648823739973,0.7174545633798504,Monday,False,False,97
2025-02-18,18.0,19.0,11.0,2536,9.0,1.0,0.5789473684210527,0.003548895899053628,20.0,18.0,1.1111111111111112,2025-02,post_2025_shift,9.0,-740.0,-39.285714285714285,0.48348232458491786,0.6740895954252792,Tuesday,False,True,98
2025-02-19,12.0,17.0,17.0,2528,19.0,1.0,1.0,0.007515822784810127,36.0,12.0,3.0,2025-02,post_2025_shift,-7.0,-747.0,-28.285714285714285,0.5451063889219042,0.6472046243351234,Wednesday,False,False,99
2025-02-20,13.0,25.0,15.0,2520,32.0,1.0,0.6,0.012698412698412698,47.0,13.0,3.6153846153846154,2025-02,post_2025_shift,-19.0,-766.0,-24.285714285714285,0.5784844813630484,0.6335190569225506,Thursday,False,False,99
2025-02-23,7.0,16.0,8.0,2423,35.0,3.0,0.5,0.014444903012794058,43.0,7.0,6.142857142857143,2025-02,post_2025_shift,-28.0,-794.0,-22.714285714285715,0.5602376565323169,0.6409279995347217,Sunday,True,False,99
2025-02-24,20.0,22.0,14.0,2413,24.0,1.0,0.6363636363636364,0.009946125155408206,38.0,20.0,1.9,2025-02,post_2025_shift,-4.0,-798.0,-16.142857142857142,0.6046889844248067,0.6231737175901693,Monday,False,False,99
2025-02-25,11.0,7.0,7.0,2413,23.0,1.0,1.0,0.009531703273932863,30.0,11.0,2.727272727272727,2025-02,post_2025_shift,-12.0,-810.0,-9.714285714285714,0.6483310286950054,0.6066742557116739,Tuesday,False,False,99
2025-02-26,12.0,21.0,1.0,2411,23.0,1.0,0.047619047619047616,0.00953961012028204,24.0,12.0,2.0,2025-02,post_2025_shift,-11.0,-821.0,-10.285714285714286,0.6880020480785746,0.5924163428227376,Wednesday,False,False,99
2025-02-27,10.0,15.0,17.0,2391,37.0,1.0,1.1333333333333333,0.01547469677959013,54.0,10.0,5.4,2025-02,post_2025_shift,-27.0,-848.0,-15.428571428571429,0.5780639948497167,0.6336878626365421,Thursday,False,False,99
2025-03-02,12.0,24.0,4.0,2297,31.0,3.0,0.16666666666666666,0.013495864170657379,35.0,12.0,2.9166666666666665,2025-03,post_2025_shift,-19.0,-867.0,-17.142857142857142,0.5007344757130306,0.6663403927765962,Sunday,True,False,99
2025-03-03,8.0,29.0,18.0,2287,25.0,1.0,0.6206896551724138,0.010931351114997814,43.0,8.0,5.375,2025-03,post_2025_shift,-17.0,-884.0,-16.857142857142858,0.49972721419247684,0.6667879268553826,Monday,False,False,99
2025-03-04,4.0,25.0,10.0,2272,30.0,1.0,0.4,0.013204225352112676,40.0,4.0,10.0,2025-03,post_2025_shift,-26.0,-910.0,-16.571428571428573,0.500780941905374,0.6663197619836588,Tuesday,False,False,99
2025-03-05,5.0,20.0,4.0,2238,40.0,1.0,0.2,0.017873100983020553,44.0,5.0,8.8,2025-03,post_2025_shift,-35.0,-945.0,-21.0,0.4639743409353257,0.6830720812778079,Wednesday,False,False,99
2025-03-06,7.0,27.0,6.0,2218,33.0,1.0,0.2222222222222222,0.014878268710550046,39.0,7.0,5.571428571428571,2025-03,post_2025_shift,-26.0,-971.0,-23.0,0.34978898028252076,0.7408565446953735,Thursday,False,False,99
2025-03-09,12.0,25.0,15.0,2137,30.0,3.0,0.6,0.014038371548900327,45.0,12.0,3.75,2025-03,post_2025_shift,-18.0,-989.0,-24.0,0.31010206577899374,0.7632993078332372,Sunday,True,False,99
2025-03-10,6.0,28.0,8.0,2125,23.0,1.0,0.2857142857142857,0.010823529411764706,31.0,6.0,5.166666666666667,2025-03,post_2025_shift,-17.0,-1006.0,-22.571428571428573,0.2284027184404344,0.8140652776066697,Monday,False,False,99
2025-03-11,3.0,11.0,7.0,2116,20.0,1.0,0.6363636363636364,0.00945179584120983,27.0,3.0,9.0,2025-03,post_2025_shift,-17.0,-1023.0,-22.285714285714285,0.20842112557176898,0.8275260824547785,Tuesday,False,False,99
2025-03-12,6.0,18.0,2.0,2113,8.0,1.0,0.1111111111111111,0.003786086133459536,10.0,6.0,1.6666666666666667,2025-03,post_2025_shift,-2.0,-1025.0,-20.142857142857142,0.2947378091806557,0.7723571466819421,Wednesday,False,False,99
2025-03-13,4.0,20.0,9.0,2116,6.0,1.0,0.45,0.002835538752362949,15.0,4.0,3.75,2025-03,post_2025_shift,-2.0,-1027.0,-16.714285714285715,0.37705280919316575,0.7261885625039419,Thursday,False,False,99
2025-03-16,1.0,9.0,8.0,2117,5.0,3.0,0.8888888888888888,0.0023618327822390174,13.0,1.0,13.0,2025-03,post_2025_shift,-4.0,-1031.0,-12.285714285714286,0.45393664956275287,0.6877878759715792,Sunday,True,False,99
2025-03-17,5.0,14.0,0.0,2111,8.0,1.0,0.0,0.0037896731406916154,8.0,5.0,1.6,2025-03,post_2025_shift,-3.0,-1034.0,-9.0,0.5047206645777168,0.6645751756726482,Monday,False,False,99
2025-03-18,19.0,34.0,6.0,2109,8.0,1.0,0.17647058823529413,0.003793266951161688,14.0,19.0,0.7368421052631579,2025-03,post_2025_shift,11.0,-1023.0,-4.857142857142857,0.5542919914203943,0.6433797545891922,Tuesday,False,True,100
2025-03-19,6.0,22.0,14.0,2119,9.0,1.0,0.6363636363636364,0.004247286455875413,23.0,6.0,3.8333333333333335,2025-03,post_2025_shift,-3.0,-1026.0,-2.857142857142857,0.5950022490157258,0.6269583636117748,Wednesday,False,False,101
2025-03-20,9.0,20.0,11.0,2124,7.0,1.0,0.55,0.003295668549905838,18.0,9.0,2.0,2025-03,post_2025_shift,2.0,-1024.0,-0.14285714285714285,0.6512854895743349,0.6055888011574413,Thursday,False,True,102
2025-03-23,15.0,29.0,9.0,2136,2.0,3.0,0.3103448275862069,0.0009363295880149813,11.0,15.0,0.7333333333333333,2025-03,post_2025_shift,13.0,-1011.0,2.0,0.749250230049609,0.5716734992063656,Sunday,True,True,102
2025-03-24,7.0,13.0,11.0,2139,7.0,1.0,0.8461538461538461,0.0032725572697522207,18.0,7.0,2.5714285714285716,2025-03,post_2025_shift,0.0,-1011.0,2.2857142857142856,0.8056839054698977,0.5538067858780452,Monday,False,False,103
2025-03-25,12.0,19.0,7.0,2145,6.0,1.0,0.3684210526315789,0.002797202797202797,13.0,12.0,1.0833333333333333,2025-03,post_2025_shift,6.0,-1005.0,3.7142857142857144,0.7934137576573032,0.5575958117474675,Tuesday,False,True,104
2025-03-26,9.0,21.0,15.0,2159,2.0,1.0,0.7142857142857143,0.0009263547938860583,17.0,9.0,1.8888888888888888,2025-03,post_2025_shift,7.0,-998.0,5.142857142857143,0.8169951531717601,0.5503592006034759,Wednesday,False,True,104
2025-03-27,1.0,19.0,13.0,2159,2.0,1.0,0.6842105263157895,0.0009263547938860583,15.0,1.0,15.0,2025-03,post_2025_shift,-1.0,-999.0,3.4285714285714284,0.7673874824622159,0.5658068815825613,Thursday,False,False,105
2025-03-30,9.0,20.0,5.0,2188,2.0,3.0,0.25,0.0009140767824497258,7.0,9.0,0.7777777777777778,2025-03,post_2025_shift,7.0,-992.0,4.857142857142857,0.7099216148300417,0.5848221294631657,Sunday,True,True,106
2025-03-31,9.0,25.0,8.0,2193,5.0,1.0,0.32,0.002279981760145919,13.0,9.0,1.4444444444444444,2025-03,post_2025_shift,4.0,-988.0,5.142857142857143,0.47241908728364745,0.6791544667115278,Monday,False,True,106
2025-04-01,17.0,36.0,7.0,2191,12.0,1.0,0.19444444444444445,0.005476951163852123,19.0,17.0,1.1176470588235294,2025-04,post_2025_shift,5.0,-983.0,4.0,0.5238614524987923,0.6562276369418122,Tuesday,False,True,106
2025-04-02,5.0,31.0,16.0,2208,3.0,1.0,0.5161290322580645,0.001358695652173913,19.0,5.0,3.8,2025-04,post_2025_shift,2.0,-981.0,4.285714285714286,0.5619685220218217,0.6402177674525693,Wednesday,False,True,106
2025-04-03,12.0,26.0,18.0,2223,8.0,1.0,0.6923076923076923,0.003598740440845704,26.0,12.0,2.1666666666666665,2025-04,post_2025_shift,4.0,-977.0,4.0,0.5516205205954808,0.644487480493117,Thursday,False,True,106
2025-04-06,7.0,14.0,7.0,2234,11.0,3.0,0.5,0.004923903312444047,18.0,7.0,2.5714285714285716,2025-04,post_2025_shift,-4.0,-981.0,2.4285714285714284,0.5690825835562622,0.637315084929144,Sunday,True,False,107
2025-04-07,12.0,22.0,9.0,2237,5.0,1.0,0.4090909090909091,0.002235136343316942,14.0,12.0,1.1666666666666667,2025-04,post_2025_shift,7.0,-974.0,3.5714285714285716,0.5842049055247306,0.6312314754944996,Monday,False,True,108
2025-04-08,12.0,34.0,12.0,2243,9.0,1.0,0.35294117647058826,0.004012483281319661,21.0,12.0,1.75,2025-04,post_2025_shift,3.0,-971.0,3.0,0.5813460452195581,0.6323726568406837,Tuesday,False,True,108
2025-04-09,6.0,19.0,10.0,2251,5.0,1.0,0.5263157894736842,0.002221235006663705,15.0,6.0,2.5,2025-04,post_2025_shift,1.0,-970.0,2.5714285714285716,0.5954413112226308,0.6267858259440908,Wednesday,False,True,108
2025-04-10,18.0,25.0,17.0,2265,6.0,1.0,0.68,0.0026490066225165563,23.0,18.0,1.2777777777777777,2025-04,post_2025_shift,12.0,-958.0,3.5714285714285716,0.5409248735166924,0.6489609047051101,Thursday,False,True,108
2025-04-11,8.0,22.0,8.0,2267,9.0,1.0,0.36363636363636365,0.003970004411116012,17.0,8.0,2.125,2025-04,post_2025_shift,-1.0,-959.0,3.142857142857143,0.5432382381063806,0.647988091085044,Friday,False,False,109
2025-04-13,5.0,26.0,10.0,2283,3.0,2.0,0.38461538461538464,0.001314060446780552,13.0,5.0,2.6,2025-04,post_2025_shift,2.0,-957.0,2.857142857142857,0.5831367125804306,0.6316573875480733,Sunday,True,True,110
2025-04-14,5.0,26.0,9.0,2282,13.0,1.0,0.34615384615384615,0.0056967572304995615,22.0,5.0,4.4,2025-04,post_2025_shift,-8.0,-965.0,2.2857142857142856,0.555974311511105,0.6426841321235162,Monday,False,False,111
2025-04-15,4.0,19.0,12.0,2286,7.0,1.0,0.631578947368421,0.0030621172353455816,19.0,4.0,4.75,2025-04,post_2025_shift,-3.0,-968.0,0.8571428571428571,0.4941551693123808,0.6692745308776773,Tuesday,False,False,111
2025-04-16,11.0,30.0,5.0,2291,8.0,1.0,0.16666666666666666,0.003491924923614142,13.0,11.0,1.1818181818181819,2025-04,post_2025_shift,3.0,-965.0,0.8571428571428571,0.4255116045333208,0.7015025320171817,Wednesday,False,True,112
2025-04-17,7.0,26.0,10.0,2288,14.0,1.0,0.38461538461538464,0.006118881118881119,24.0,7.0,3.4285714285714284,2025-04,post_2025_shift,-7.0,-972.0,-0.2857142857142857,0.4349794247208598,0.6968741034001414,Thursday,False,False,113
2025-04-20,4.0,15.0,6.0,2305,4.0,3.0,0.4,0.0017353579175704988,10.0,4.0,2.5,2025-04,post_2025_shift,0.0,-972.0,-2.0,0.46110715624749055,0.684412498921889,Sunday,True,False,113
2025-04-21,10.0,25.0,5.0,2308,6.0,1.0,0.2,0.0025996533795493936,11.0,10.0,1.1,2025-04,post_2025_shift,4.0,-968.0,-1.2857142857142858,0.4230186863331635,0.7027314606646532,Monday,False,True,114
2025-04-22,7.0,19.0,14.0,2305,17.0,1.0,0.7368421052631579,0.00737527114967462,31.0,7.0,4.428571428571429,2025-04,post_2025_shift,-10.0,-978.0,-3.0,0.4874958535652612,0.6722707815307042,Tuesday,False,False,115
2025-04-23,3.0,23.0,4.0,2300,11.0,1.0,0.17391304347826086,0.004782608695652174,15.0,3.0,5.0,2025-04,post_2025_shift,-8.0,-986.0,-3.0,0.4868681132749831,0.6725546072794547,Wednesday,False,False,115
2025-04-24,3.0,9.0,7.0,2294,13.0,1.0,0.7777777777777778,0.005666957279860506,20.0,3.0,6.666666666666667,2025-04,post_2025_shift,-10.0,-996.0,-4.0,0.46259661425960646,0.6837155168079058,Thursday,False,False,115
2025-04-27,9.0,40.0,12.0,2301,4.0,3.0,0.3,0.001738374619730552,16.0,9.0,1.7777777777777777,2025-04,post_2025_shift,5.0,-991.0,-3.7142857142857144,0.5066320752220521,0.66373205273266,Sunday,True,True,116
2025-04-28,6.0,26.0,12.0,2307,8.0,1.0,0.46153846153846156,0.0034677069787602947,20.0,6.0,3.3333333333333335,2025-04,post_2025_shift,-2.0,-993.0,-3.0,0.48225194005893807,0.674649142277552,Monday,False,False,117
2025-04-29,11.0,25.0,11.0,2304,15.0,1.0,0.44,0.006510416666666667,26.0,11.0,2.3636363636363638,2025-04,post_2025_shift,-4.0,-997.0,-3.5714285714285716,0.47307084881358535,0.6788539742032111,Tuesday,False,False,117
2025-04-30,7.0,34.0,9.0,2309,12.0,1.0,0.2647058823529412,0.00519705500216544,21.0,7.0,3.0,2025-04,post_2025_shift,-5.0,-1002.0,-4.857142857142857,0.46814445869598265,0.6811318832264012,Wednesday,False,False,117
2025-05-01,13.0,32.0,14.0,2306,16.0,1.0,0.4375,0.006938421509106678,30.0,13.0,2.3076923076923075,2025-05,post_2025_shift,-3.0,-1005.0,-3.857142857142857,0.41403969354839226,0.7071937262882623,Thursday,False,False,117
2025-05-04,9.0,31.0,10.0,2335,5.0,3.0,0.3225806451612903,0.0021413276231263384,15.0,9.0,1.6666666666666667,2025-05,post_2025_shift,4.0,-1001.0,-2.142857142857143,0.45614673420267327,0.6867439774519423,Sunday,True,True,118
2025-05-05,15.0,44.0,20.0,2331,17.0,1.0,0.45454545454545453,0.007293007293007293,37.0,15.0,2.466666666666667,2025-05,post_2025_shift,-2.0,-1003.0,-1.0,0.44992940343487564,0.6896887514874895,Monday,False,False,119
2025-05-06,10.0,33.0,16.0,2339,16.0,1.0,0.48484848484848486,0.006840530141085934,32.0,10.0,3.2,2025-05,post_2025_shift,-6.0,-1009.0,-2.5714285714285716,0.4378667562306555,0.6954747341273011,Tuesday,False,False,119
2025-05-07,10.0,30.0,15.0,2335,10.0,1.0,0.5,0.004282655246252677,25.0,10.0,2.5,2025-05,post_2025_shift,0.0,-1009.0,-2.2857142857142856,0.4446339892755865,0.692216857296464,Wednesday,False,False,119
2025-05-08,15.0,24.0,16.0,2361,11.0,1.0,0.6666666666666666,0.004659042778483694,27.0,15.0,1.8,2025-05,post_2025_shift,4.0,-1005.0,-1.1428571428571428,0.38867815195519356,0.7201092626049074,Thursday,False,True,120
2025-05-11,15.0,20.0,12.0,2385,3.0,3.0,0.6,0.0012578616352201257,15.0,15.0,1.0,2025-05,post_2025_shift,12.0,-993.0,1.2857142857142858,0.4279011644004152,0.7003285836102714,Sunday,True,True,120
2025-05-12,7.0,33.0,14.0,2392,7.0,1.0,0.42424242424242425,0.002926421404682274,21.0,7.0,3.0,2025-05,post_2025_shift,0.0,-993.0,1.7142857142857142,0.44154539182594565,0.693699973424591,Monday,False,False,121
2025-05-13,18.0,29.0,12.0,2394,11.0,1.0,0.41379310344827586,0.004594820384294068,23.0,18.0,1.2777777777777777,2025-05,post_2025_shift,7.0,-986.0,2.142857142857143,0.44262061777674,0.6931829392131702,Tuesday,False,True,122
2025-05-14,7.0,30.0,14.0,2394,11.0,1.0,0.4666666666666667,0.004594820384294068,25.0,7.0,3.5714285714285716,2025-05,post_2025_shift,-4.0,-990.0,1.8571428571428572,0.44435874221514143,0.6923487709613954,Wednesday,False,False,123
2025-05-15,15.0,31.0,14.0,2410,14.0,1.0,0.45161290322580644,0.005809128630705394,28.0,15.0,1.8666666666666667,2025-05,post_2025_shift,1.0,-989.0,2.857142857142857,0.3885171309785864,0.7201927708988575,Thursday,False,True,124
2025-05-18,13.0,28.0,14.0,2437,9.0,3.0,0.5,0.0036930652441526466,23.0,13.0,1.7692307692307692,2025-05,post_2025_shift,4.0,-985.0,3.4285714285714284,0.38487622060460513,0.7220861945072774,Sunday,True,True,124
2025-05-19,7.0,27.0,17.0,2457,6.0,1.0,0.6296296296296297,0.002442002442002442,23.0,7.0,3.2857142857142856,2025-05,post_2025_shift,1.0,-984.0,3.0,0.41536997466287684,0.706529047458554,Monday,False,True,124
2025-05-21,14.0,62.0,13.0,2467,18.0,2.0,0.20967741935483872,0.007296311309282529,31.0,14.0,2.2142857142857144,2025-05,post_2025_shift,-4.0,-988.0,0.7142857142857143,0.4325619943905803,0.6980500696763252,Wednesday,False,False,125
2025-05-22,18.0,36.0,17.0,2473,15.0,1.0,0.4722222222222222,0.00606550748079256,32.0,18.0,1.7777777777777777,2025-05,post_2025_shift,3.0,-985.0,1.1428571428571428,0.42422193727022395,0.7021377594538944,Thursday,False,True,126
2025-05-27,6.0,24.0,7.0,2504,11.0,5.0,0.2916666666666667,0.00439297124600639,18.0,6.0,3.0,2025-05,post_2025_shift,-5.0,-990.0,-0.5714285714285714,0.3828177865140766,0.7231610771516643,Tuesday,False,False,127
2025-05-28,12.0,39.0,12.0,2499,14.0,1.0,0.3076923076923077,0.0056022408963585435,26.0,12.0,2.1666666666666665,2025-05,post_2025_shift,-2.0,-992.0,-0.2857142857142857,0.36394714176045007,0.7331662418451916,Wednesday,False,False,127
2025-05-29,13.0,38.0,15.0,2506,11.0,1.0,0.39473684210526316,0.004389465283320032,26.0,13.0,2.0,2025-05,post_2025_shift,2.0,-990.0,-0.14285714285714285,0.34931492586386914,0.7411168296087527,Thursday,False,True,128
2025-06-01,8.0,24.0,16.0,2528,12.0,3.0,0.6666666666666666,0.004746835443037975,28.0,8.0,3.5,2025-06,post_2025_shift,-4.0,-994.0,-1.2857142857142858,0.34707682377180227,0.7423481588822897,Sunday,True,False,129
2025-06-02,10.0,19.0,5.0,2518,16.0,1.0,0.2631578947368421,0.006354249404289118,21.0,10.0,2.1,2025-06,post_2025_shift,-6.0,-1000.0,-2.2857142857142856,0.3555237676508914,0.737722217687846,Monday,False,False,129
2025-06-03,5.0,23.0,11.0,2519,15.0,1.0,0.4782608695652174,0.0059547439460103215,26.0,5.0,5.2,2025-06,post_2025_shift,-10.0,-1010.0,-3.142857142857143,0.27487162871088855,0.7843927007860153,Tuesday,False,False,129
2025-06-04,4.0,16.0,9.0,2516,16.0,1.0,0.5625,0.006359300476947536,25.0,4.0,6.25,2025-06,post_2025_shift,-12.0,-1022.0,-5.285714285714286,0.24628679454586117,0.802383531925646,Wednesday,False,False,129
2025-06-05,8.0,26.0,5.0,2503,21.0,1.0,0.19230769230769232,0.008389932081502197,26.0,8.0,3.25,2025-06,post_2025_shift,-13.0,-1035.0,-6.428571428571429,0.2798839415464684,0.7813208428818257,Thursday,False,False,129
2025-06-08,10.0,16.0,15.0,2507,13.0,3.0,0.9375,0.005185480654168329,28.0,10.0,2.8,2025-06,post_2025_shift,-3.0,-1038.0,-6.571428571428571,0.2746242678701961,0.7845449244983598,Sunday,True,False,129
2025-06-09,8.0,21.0,14.0,2516,9.0,1.0,0.6666666666666666,0.003577106518282989,23.0,8.0,2.875,2025-06,post_2025_shift,-1.0,-1039.0,-7.0,0.297593432044442,0.7706574149534925,Monday,False,False,129
2025-06-10,17.0,28.0,7.0,2511,12.0,1.0,0.25,0.0047789725209080045,19.0,17.0,1.1176470588235294,2025-06,post_2025_shift,5.0,-1034.0,-5.714285714285714,0.28213977120682343,0.7799461669134112,Tuesday,False,True,130
2025-06-17,7.0,24.0,10.0,2523,14.0,7.0,0.4166666666666667,0.005548949663099485,24.0,7.0,3.4285714285714284,2025-06,post_2025_shift,-7.0,-1041.0,-5.857142857142857,0.22483393121317452,0.8164372120304663,Tuesday,False,False,131
2025-06-19,8.0,19.0,7.0,2501,18.0,2.0,0.3684210526315789,0.007197121151539384,25.0,8.0,3.125,2025-06,post_2025_shift,-10.0,-1051.0,-5.857142857142857,0.2233524750839573,0.8174259016653161,Thursday,False,False,131
2025-06-22,7.0,13.0,5.0,2508,7.0,3.0,0.38461538461538464,0.0027910685805422647,12.0,7.0,1.7142857142857142,2025-06,post_2025_shift,0.0,-1051.0,-4.142857142857143,0.2699663282429493,0.7874224518877923,Sunday,True,False,131
2025-06-23,3.0,15.0,5.0,2495,17.0,1.0,0.3333333333333333,0.006813627254509018,22.0,3.0,7.333333333333333,2025-06,post_2025_shift,-14.0,-1065.0,-4.285714285714286,0.26478359523805933,0.7906490910895936,Monday,False,False,131
2025-06-24,5.0,20.0,5.0,2489,16.0,1.0,0.25,0.0064282844515869825,21.0,5.0,4.2,2025-06,post_2025_shift,-11.0,-1076.0,-5.428571428571429,0.26534266835596765,0.7902997543734761,Tuesday,False,False,131
2025-06-25,6.0,12.0,2.0,2470,24.0,1.0,0.16666666666666666,0.009716599190283401,26.0,6.0,4.333333333333333,2025-06,post_2025_shift,-18.0,-1094.0,-7.857142857142857,0.3006861357839413,0.7688249858966063,Wednesday,False,False,131
2025-06-26,3.0,9.0,7.0,2447,35.0,1.0,0.7777777777777778,0.014303228442991417,42.0,3.0,14.0,2025-06,post_2025_shift,-32.0,-1126.0,-13.142857142857142,0.4223733192186275,0.7030503078821418,Thursday,False,False,131
2025-06-29,5.0,17.0,7.0,2413,20.0,3.0,0.4117647058823529,0.008288437629506838,27.0,5.0,5.4,2025-06,post_2025_shift,-15.0,-1141.0,-14.285714285714286,0.41828423045102714,0.7050772888322894,Sunday,True,False,131
2025-06-30,9.0,22.0,8.0,2407,16.0,1.0,0.36363636363636365,0.006647278770253427,24.0,9.0,2.6666666666666665,2025-06,post_2025_shift,-7.0,-1148.0,-13.857142857142858,0.41381104731048035,0.7073080960163093,Monday,False,False,131
2025-07-01,7.0,14.0,6.0,2391,22.0,1.0,0.42857142857142855,0.009201171058134672,28.0,7.0,4.0,2025-07,post_2025_shift,-15.0,-1163.0,-16.0,0.41075983331030524,0.7088378733136527,Tuesday,False,False,131
2025-07-02,8.0,20.0,9.0,2373,38.0,1.0,0.45,0.016013485040033713,47.0,8.0,5.875,2025-07,post_2025_shift,-30.0,-1193.0,-18.285714285714285,0.4940647424575744,0.6693150380853701,Wednesday,False,False,131
2025-07-06,4.0,17.0,2.0,2332,8.0,4.0,0.11764705882352941,0.003430531732418525,10.0,4.0,2.5,2025-07,post_2025_shift,-4.0,-1197.0,-17.285714285714285,0.517647177338806,0.6589146772265605,Sunday,True,False,131
2025-07-07,3.0,18.0,8.0,2317,20.0,1.0,0.4444444444444444,0.008631851532153647,28.0,3.0,9.333333333333334,2025-07,post_2025_shift,-17.0,-1214.0,-17.142857142857142,0.4734583472959815,0.6786754453121467,Monday,False,False,131
2025-07-08,5.0,16.0,8.0,2306,20.0,1.0,0.5,0.008673026886383347,28.0,5.0,5.6,2025-07,post_2025_shift,-15.0,-1229.0,-14.714285714285714,0.44459510003317626,0.6922354921299637,Tuesday,False,False,131
2025-07-09,2.0,18.0,0.0,2281,32.0,1.0,0.0,0.014028934677772907,32.0,2.0,16.0,2025-07,post_2025_shift,-30.0,-1259.0,-16.857142857142858,0.44110748510898423,0.6939107667769657,Wednesday,False,False,131
2025-07-10,2.0,12.0,3.0,2252,39.0,1.0,0.25,0.017317939609236235,42.0,2.0,21.0,2025-07,post_2025_shift,-37.0,-1296.0,-21.142857142857142,0.4703460859556925,0.6801119882942539,Thursday,False,False,131
2025-07-13,1.0,13.0,4.0,2204,10.0,3.0,0.3076923076923077,0.004537205081669692,14.0,1.0,14.0,2025-07,post_2025_shift,-9.0,-1305.0,-20.285714285714285,0.4453774696377524,0.6918607913894111,Sunday,True,False,131
2025-07-14,2.0,9.0,1.0,2181,26.0,1.0,0.1111111111111111,0.01192113709307657,27.0,2.0,13.5,2025-07,post_2025_shift,-24.0,-1329.0,-19.428571428571427,0.4254094537776033,0.7015528045992763,Monday,False,False,131
2025-07-15,0.0,8.0,5.0,2171,17.0,1.0,0.625,0.00783049286043298,22.0,0.0,,2025-07,post_2025_shift,-17.0,-1346.0,-21.285714285714285,0.4138350433915766,0.7072960913468032,Tuesday,False,False,131
2025-07-16,1.0,9.0,0.0,2164,11.0,1.0,0.0,0.005083179297597043,11.0,1.0,11.0,2025-07,post_2025_shift,-10.0,-1356.0,-20.285714285714285,0.4492704515979267,0.6900023380021492,Wednesday,False,False,131
2025-07-17,3.0,16.0,2.0,2153,17.0,1.0,0.125,0.007895959126799815,19.0,3.0,6.333333333333333,2025-07,post_2025_shift,-14.0,-1370.0,-20.142857142857142,0.45126455548247885,0.689054243226898,Thursday,False,False,131
2025-07-21,4.0,18.0,7.0,2121,16.0,4.0,0.3888888888888889,0.007543611504007544,23.0,4.0,5.75,2025-07,post_2025_shift,-12.0,-1382.0,-17.571428571428573,0.4558221016199759,0.6868971139311892,Monday,False,False,131
2025-07-22,5.0,13.0,3.0,2117,16.0,1.0,0.23076923076923078,0.007557864903164856,19.0,5.0,3.8,2025-07,post_2025_shift,-11.0,-1393.0,-13.857142857142858,0.4487678754712528,0.6902416991229335,Tuesday,False,False,131
2025-07-23,6.0,21.0,5.0,2111,14.0,1.0,0.23809523809523808,0.006631927996210327,19.0,6.0,3.1666666666666665,2025-07,post_2025_shift,-8.0,-1401.0,-13.714285714285714,0.4643589546643252,0.6828926724658366,Wednesday,False,False,131
2025-07-24,6.0,18.0,7.0,2096,29.0,1.0,0.3888888888888889,0.01383587786259542,36.0,6.0,6.0,2025-07,post_2025_shift,-23.0,-1424.0,-13.571428571428571,0.445291769808434,0.6919018158752436,Thursday,False,False,131
2025-07-27,1.0,12.0,2.0,2088,4.0,3.0,0.16666666666666666,0.0019157088122605363,6.0,1.0,6.0,2025-07,post_2025_shift,-3.0,-1427.0,-11.571428571428571,0.4709203788581518,0.6798464514960908,Sunday,True,False,131
2025-07-28,2.0,9.0,3.0,2080,14.0,1.0,0.3333333333333333,0.006730769230769231,17.0,2.0,8.5,2025-07,post_2025_shift,-12.0,-1439.0,-11.857142857142858,0.4825939474193671,0.6744935130354607,Monday,False,False,131
2025-07-29,2.0,8.0,3.0,2072,12.0,1.0,0.375,0.005791505791505791,15.0,2.0,7.5,2025-07,post_2025_shift,-10.0,-1449.0,-11.285714285714286,0.5026392458957483,0.665495728752834,Tuesday,False,False,131
2025-07-30,4.0,15.0,4.0,2063,16.0,1.0,0.26666666666666666,0.007755695588948134,20.0,4.0,5.0,2025-07,post_2025_shift,-12.0,-1461.0,-11.285714285714286,0.49196919551354773,0.670255125244588,Wednesday,False,False,131
2025-07-31,2.0,9.0,6.0,2058,15.0,1.0,0.6666666666666666,0.007288629737609329,21.0,2.0,10.5,2025-07,post_2025_shift,-13.0,-1474.0,-11.571428571428571,0.3973321579736876,0.7156494569266404,Thursday,False,False,131
2025-08-03,5.0,26.0,3.0,2049,5.0,3.0,0.11538461538461539,0.002440214738897023,8.0,5.0,1.6,2025-08,post_2025_shift,0.0,-1474.0,-10.428571428571429,0.43373201696307007,0.697480413472386,Sunday,True,False,131
2025-08-04,5.0,22.0,11.0,2040,14.0,1.0,0.5,0.006862745098039216,25.0,5.0,5.0,2025-08,post_2025_shift,-9.0,-1483.0,-8.428571428571429,0.40987663714140904,0.7092819142159464,Monday,False,False,131
2025-08-05,2.0,21.0,10.0,2042,14.0,1.0,0.47619047619047616,0.0068560235063663075,24.0,2.0,12.0,2025-08,post_2025_shift,-12.0,-1495.0,-9.714285714285714,0.4117887069749498,0.7083212913231949,Tuesday,False,False,131
2025-08-06,4.0,17.0,3.0,2036,13.0,1.0,0.17647058823529413,0.0063850687622789785,16.0,4.0,4.0,2025-08,post_2025_shift,-9.0,-1504.0,-9.285714285714286,0.40062394084514075,0.7139675189305966,Wednesday,False,False,131
2025-08-07,4.0,18.0,6.0,2031,17.0,1.0,0.3333333333333333,0.008370260955194485,23.0,4.0,5.75,2025-08,post_2025_shift,-13.0,-1517.0,-9.714285714285714,0.4011590538188883,0.713694849470857,Thursday,False,False,131
2025-08-10,0.0,18.0,8.0,2006,12.0,3.0,0.4444444444444444,0.005982053838484547,20.0,0.0,,2025-08,post_2025_shift,-12.0,-1529.0,-9.714285714285714,0.4080285136567195,0.7102128900805785,Sunday,True,False,131
2025-08-11,6.0,23.0,4.0,1999,16.0,1.0,0.17391304347826086,0.0080040020010005,20.0,6.0,3.3333333333333335,2025-08,post_2025_shift,-10.0,-1539.0,-9.285714285714286,0.4079861966287557,0.7102342355304144,Monday,False,False,131
2025-08-12,8.0,38.0,9.0,1999,9.0,1.0,0.23684210526315788,0.004502251125562781,18.0,8.0,2.25,2025-08,post_2025_shift,-1.0,-1540.0,-9.428571428571429,0.4273660941495013,0.7005911126086065,Tuesday,False,False,131
2025-08-13,6.0,22.0,12.0,1997,17.0,1.0,0.5454545454545454,0.008512769153730596,29.0,6.0,4.833333333333333,2025-08,post_2025_shift,-11.0,-1551.0,-9.714285714285714,0.3254679697692518,0.7544505207274742,Wednesday,False,False,131
2025-08-14,3.0,27.0,4.0,1994,11.0,1.0,0.14814814814814814,0.005516549648946841,15.0,3.0,5.0,2025-08,post_2025_shift,-8.0,-1559.0,-9.142857142857142,0.25079216920025277,0.7994933328047557,Thursday,False,False,131
2025-08-17,4.0,14.0,2.0,1991,3.0,3.0,0.14285714285714285,0.0015067805123053742,5.0,4.0,1.25,2025-08,post_2025_shift,1.0,-1558.0,-7.714285714285714,0.34318776269930756,0.7444975511021423,Sunday,True,True,132
2025-08-18,4.0,20.0,6.0,1985,14.0,1.0,0.3,0.007052896725440806,20.0,4.0,5.0,2025-08,post_2025_shift,-10.0,-1568.0,-7.285714285714286,0.34006762463660795,0.7462309973134188,Monday,False,False,133
2025-08-19,5.0,35.0,3.0,1980,11.0,1.0,0.08571428571428572,0.005555555555555556,14.0,5.0,2.8,2025-08,post_2025_shift,-6.0,-1574.0,-6.428571428571429,0.34198423593629934,0.7451652360896044,Tuesday,False,False,133
2025-08-20,10.0,38.0,10.0,1983,10.0,1.0,0.2631578947368421,0.005042864346949067,20.0,10.0,2.0,2025-08,post_2025_shift,0.0,-1574.0,-5.0,0.3486415563948923,0.7414868652521281,Wednesday,False,False,133
2025-08-21,6.0,49.0,8.0,1972,21.0,1.0,0.16326530612244897,0.010649087221095335,29.0,6.0,4.833333333333333,2025-08,post_2025_shift,-15.0,-1589.0,-7.0,0.33337711290861827,0.7499753747974629,Thursday,False,False,133
2025-08-24,4.0,21.0,5.0,1981,5.0,3.0,0.23809523809523808,0.002523977788995457,10.0,4.0,2.5,2025-08,post_2025_shift,-1.0,-1590.0,-5.571428571428571,0.3888835188765041,0.7200027838251837,Sunday,True,False,133
2025-08-25,8.0,30.0,8.0,1980,11.0,1.0,0.26666666666666666,0.005555555555555556,19.0,8.0,2.375,2025-08,post_2025_shift,-3.0,-1593.0,-4.857142857142857,0.3942978678742138,0.7172068630676661,Monday,False,False,133
2025-08-26,10.0,21.0,20.0,1989,15.0,1.0,0.9523809523809523,0.007541478129713424,35.0,10.0,3.5,2025-08,post_2025_shift,-5.0,-1598.0,-5.714285714285714,0.3940308480599467,0.7173442405465318,Tuesday,False,False,133
2025-08-27,5.0,19.0,9.0,1988,19.0,1.0,0.47368421052631576,0.009557344064386318,28.0,5.0,5.6,2025-08,post_2025_shift,-14.0,-1612.0,-6.285714285714286,0.40492013989907577,0.7117842300074338,Wednesday,False,False,133
2025-08-28,8.0,33.0,6.0,1984,17.0,1.0,0.18181818181818182,0.008568548387096774,23.0,8.0,2.875,2025-08,post_2025_shift,-9.0,-1621.0,-6.714285714285714,0.40452892260294904,0.7119824902905849,Thursday,False,False,133
2025-09-01,10.0,29.0,17.0,2010,5.0,4.0,0.5862068965517241,0.0024875621890547263,22.0,10.0,2.2,2025-09,post_2025_shift,5.0,-1616.0,-6.0,0.45690470759392343,0.6863866900749459,Monday,False,True,134
2025-09-02,6.0,35.0,9.0,2020,9.0,1.0,0.2571428571428571,0.004455445544554455,18.0,6.0,3.0,2025-09,post_2025_shift,-3.0,-1619.0,-4.285714285714286,0.4574947230479484,0.6861088305752323,Tuesday,False,False,135
2025-09-03,4.0,29.0,11.0,2019,10.0,1.0,0.3793103448275862,0.004952947003467063,21.0,4.0,5.25,2025-09,post_2025_shift,-6.0,-1625.0,-5.0,0.4632974499334977,0.6833880562324816,Wednesday,False,False,135
2025-09-04,11.0,40.0,2.0,2015,14.0,1.0,0.05,0.006947890818858561,16.0,11.0,1.4545454545454546,2025-09,post_2025_shift,-3.0,-1628.0,-5.0,0.4580182640541673,0.685862464589023,Thursday,False,False,135
2025-09-07,4.0,19.0,9.0,2026,7.0,3.0,0.47368421052631576,0.0034550839091806516,16.0,4.0,4.0,2025-09,post_2025_shift,-3.0,-1631.0,-4.714285714285714,0.4141396410284582,0.7071437437909118,Sunday,True,False,135
2025-09-08,7.0,25.0,5.0,2025,6.0,1.0,0.2,0.002962962962962963,11.0,7.0,1.5714285714285714,2025-09,post_2025_shift,1.0,-1630.0,-2.5714285714285716,0.4539931130894896,0.6877611668154116,Monday,False,True,136
2025-09-09,18.0,42.0,11.0,2023,14.0,1.0,0.2619047619047619,0.006920415224913495,25.0,18.0,1.3888888888888888,2025-09,post_2025_shift,4.0,-1626.0,-0.7142857142857143,0.449550121653613,0.6898692118760428,Tuesday,False,True,136
2025-09-10,10.0,47.0,14.0,2025,18.0,1.0,0.2978723404255319,0.008888888888888889,32.0,10.0,3.2,2025-09,post_2025_shift,-8.0,-1634.0,-2.5714285714285716,0.4474010237835934,0.6908935281708865,Wednesday,False,False,137
2025-09-11,12.0,38.0,29.0,2047,6.0,1.0,0.7631578947368421,0.0029311187103077674,35.0,12.0,2.9166666666666665,2025-09,post_2025_shift,6.0,-1628.0,-1.2857142857142858,0.4526418143930792,0.6884009465318914,Thursday,False,True,138
2025-09-14,7.0,39.0,13.0,2083,5.0,3.0,0.3333333333333333,0.002400384061449832,18.0,7.0,2.5714285714285716,2025-09,post_2025_shift,2.0,-1626.0,-0.14285714285714285,0.455463247304311,0.687066473064241,Sunday,True,True,138
2025-09-15,9.0,47.0,10.0,2086,10.0,1.0,0.2127659574468085,0.004793863854266539,20.0,9.0,2.2222222222222223,2025-09,post_2025_shift,-1.0,-1627.0,0.14285714285714285,0.4614229406392183,0.6842646110116525,Monday,False,False,139
2025-09-16,7.0,28.0,17.0,2095,12.0,1.0,0.6071428571428571,0.005727923627684964,29.0,7.0,4.142857142857143,2025-09,post_2025_shift,-5.0,-1632.0,-0.14285714285714285,0.45998412895071233,0.6849389525341608,Tuesday,False,False,139
2025-09-17,7.0,38.0,5.0,2096,13.0,1.0,0.13157894736842105,0.006202290076335878,18.0,7.0,2.5714285714285716,2025-09,post_2025_shift,-6.0,-1638.0,-1.1428571428571428,0.4241623121585299,0.7021671557115925,Wednesday,False,False,139
2025-09-18,20.0,52.0,11.0,2096,14.0,1.0,0.21153846153846154,0.006679389312977099,25.0,20.0,1.25,2025-09,post_2025_shift,6.0,-1632.0,-0.8571428571428571,0.39966918779487187,0.7144545359146355,Thursday,False,True,140
2025-09-21,8.0,35.0,13.0,2134,5.0,3.0,0.37142857142857144,0.0023430178069353325,18.0,8.0,2.25,2025-09,post_2025_shift,3.0,-1629.0,0.7142857142857143,0.40336517092439916,0.7125729074074841,Sunday,True,True,140
2025-09-22,17.0,40.0,14.0,2141,10.0,1.0,0.35,0.004670714619336758,24.0,17.0,1.411764705882353,2025-09,post_2025_shift,7.0,-1622.0,0.8571428571428571,0.4014269481473742,0.7135584208095589,Monday,False,True,140
2025-09-23,11.0,36.0,10.0,2145,15.0,1.0,0.2777777777777778,0.006993006993006993,25.0,11.0,2.272727272727273,2025-09,post_2025_shift,-4.0,-1626.0,0.0,0.40366006723714887,0.7124232022702757,Tuesday,False,False,141
2025-09-24,3.0,38.0,12.0,2138,17.0,1.0,0.3157894736842105,0.007951356407857811,29.0,3.0,9.666666666666666,2025-09,post_2025_shift,-14.0,-1640.0,-1.8571428571428572,0.41405816809808127,0.7071844868623809,Wednesday,False,False,141
2025-09-25,6.0,35.0,12.0,2132,18.0,1.0,0.34285714285714286,0.008442776735459663,30.0,6.0,5.0,2025-09,post_2025_shift,-12.0,-1652.0,-2.857142857142857,0.40512410009088357,0.7116809112699155,Thursday,False,False,141
2025-09-28,11.0,29.0,12.0,2146,9.0,3.0,0.41379310344827586,0.004193849021435228,21.0,11.0,1.9090909090909092,2025-09,post_2025_shift,2.0,-1650.0,-1.7142857142857142,0.38344104886031755,0.7228352815060698,Sunday,True,True,142
2025-09-29,8.0,35.0,12.0,2148,13.0,1.0,0.34285714285714286,0.006052141527001862,25.0,8.0,3.125,2025-09,post_2025_shift,-5.0,-1655.0,-3.2857142857142856,0.3829001673646199,0.7231179976684006,Monday,False,False,143
2025-09-30,8.0,32.0,12.0,2159,7.0,1.0,0.375,0.003242241778601204,19.0,8.0,2.375,2025-09,post_2025_shift,1.0,-1654.0,-3.5714285714285716,0.38530425401261464,0.7218630832204851,Tuesday,False,True,144
2025-10-01,4.0,33.0,12.0,2163,14.0,1.0,0.36363636363636365,0.006472491909385114,26.0,4.0,6.5,2025-10,post_2025_shift,-10.0,-1664.0,-6.0,0.3517206345312117,0.7397978357760355,Wednesday,False,False,145
2025-10-02,20.0,51.0,15.0,2164,16.0,1.0,0.29411764705882354,0.0073937153419593345,31.0,20.0,1.55,2025-10,post_2025_shift,4.0,-1660.0,-4.857142857142857,0.3040665618600754,0.7668320231857142,Thursday,False,True,146
2025-10-05,8.0,28.0,13.0,2180,16.0,3.0,0.4642857142857143,0.007339449541284404,29.0,8.0,3.625,2025-10,post_2025_shift,-8.0,-1668.0,-4.0,0.2981209460712898,0.7703442449075792,Sunday,True,False,147
2025-10-06,5.0,33.0,15.0,2187,10.0,1.0,0.45454545454545453,0.004572473708276178,25.0,5.0,5.0,2025-10,post_2025_shift,-5.0,-1673.0,-3.0,0.30888114737870453,0.7640113099670657,Monday,False,False,147
2025-10-07,11.0,45.0,4.0,2189,10.0,1.0,0.08888888888888889,0.0045682960255824575,14.0,11.0,1.2727272727272727,2025-10,post_2025_shift,1.0,-1672.0,-3.142857142857143,0.3204786935430217,0.7573011248798461,Tuesday,False,True,148
2025-10-08,8.0,49.0,15.0,2192,17.0,1.0,0.30612244897959184,0.007755474452554745,32.0,8.0,4.0,2025-10,post_2025_shift,-9.0,-1681.0,-3.7142857142857144,0.32677631817225866,0.7537065489513565,Wednesday,False,False,149
2025-10-09,11.0,55.0,13.0,2192,12.0,1.0,0.23636363636363636,0.005474452554744526,25.0,11.0,2.272727272727273,2025-10,post_2025_shift,-1.0,-1682.0,-4.0,0.2687579282519469,0.7881724147156797,Thursday,False,False,149
2025-10-13,8.0,24.0,7.0,2223,6.0,4.0,0.2916666666666667,0.002699055330634278,13.0,8.0,1.625,2025-10,post_2025_shift,2.0,-1680.0,-2.2857142857142856,0.30933508428007783,0.7637464328314687,Monday,False,True,150
2025-10-14,7.0,30.0,16.0,2235,8.0,1.0,0.5333333333333333,0.0035794183445190158,24.0,7.0,3.4285714285714284,2025-10,post_2025_shift,-1.0,-1681.0,-3.0,0.3356435019112576,0.7487027777764322,Tuesday,False,False,151
2025-10-15,8.0,29.0,10.0,2225,15.0,1.0,0.3448275862068966,0.006741573033707865,25.0,8.0,3.125,2025-10,post_2025_shift,-7.0,-1688.0,-2.857142857142857,0.32577949354837327,0.7542732444318904,Wednesday,False,False,151
2025-10-16,9.0,33.0,15.0,2233,9.0,1.0,0.45454545454545453,0.004030452306314375,24.0,9.0,2.6666666666666665,2025-10,post_2025_shift,0.0,-1688.0,-2.142857142857143,0.31643202440585216,0.7596290438553649,Thursday,False,False,151
2025-10-19,9.0,34.0,17.0,2237,7.0,3.0,0.5,0.0031291908806437194,24.0,9.0,2.6666666666666665,2025-10,post_2025_shift,2.0,-1686.0,-2.0,0.33565006598864233,0.7486990982625411,Sunday,True,True,152
2025-10-20,10.0,39.0,6.0,2243,7.0,1.0,0.15384615384615385,0.003120820329915292,13.0,10.0,1.3,2025-10,post_2025_shift,3.0,-1683.0,-0.2857142857142857,0.3629690814368538,0.7336923585572399,Monday,False,True,152
2025-10-21,13.0,39.0,17.0,2251,9.0,1.0,0.4358974358974359,0.003998223011994669,26.0,13.0,2.0,2025-10,post_2025_shift,4.0,-1679.0,0.42857142857142855,0.3500406799175815,0.740718420470892,Tuesday,False,True,152
2025-10-22,12.0,42.0,13.0,2261,12.0,1.0,0.30952380952380953,0.005307386112339673,25.0,12.0,2.0833333333333335,2025-10,post_2025_shift,0.0,-1679.0,0.14285714285714285,0.34695186732655636,0.7424170263669555,Wednesday,False,False,153
2025-10-23,4.0,27.0,26.0,2266,18.0,1.0,0.9629629629629629,0.00794351279788173,44.0,4.0,11.0,2025-10,post_2025_shift,-14.0,-1693.0,-1.7142857142857142,0.357022310935001,0.7369075599877136,Thursday,False,False,153
2025-10-26,4.0,35.0,12.0,2276,10.0,3.0,0.34285714285714286,0.004393673110720563,22.0,4.0,5.5,2025-10,post_2025_shift,-6.0,-1699.0,-1.5714285714285714,0.34666842601762493,0.7425732872918134,Sunday,True,False,153
2025-10-27,2.0,31.0,8.0,2282,11.0,1.0,0.25806451612903225,0.004820333041191937,19.0,2.0,9.5,2025-10,post_2025_shift,-9.0,-1708.0,-2.857142857142857,0.3451106759206256,0.7434332489522293,Monday,False,False,153
2025-10-28,6.0,22.0,11.0,2286,6.0,1.0,0.5,0.0026246719160104987,17.0,6.0,2.8333333333333335,2025-10,post_2025_shift,0.0,-1708.0,-3.142857142857143,0.37689535882611114,0.7262716034227626,Tuesday,False,False,153
2025-10-29,6.0,25.0,4.0,2280,17.0,1.0,0.16,0.007456140350877193,21.0,6.0,3.5,2025-10,post_2025_shift,-11.0,-1719.0,-5.142857142857143,0.37034793862129983,0.7297416749545338,Wednesday,False,False,153
2025-10-30,3.0,17.0,14.0,2287,12.0,1.0,0.8235294117647058,0.005247048535198951,26.0,3.0,8.666666666666666,2025-10,post_2025_shift,-9.0,-1728.0,-7.0,0.37010739583864516,0.7298697919865604,Thursday,False,False,153
2025-11-02,5.0,21.0,10.0,2277,7.0,3.0,0.47619047619047616,0.0030742204655248135,17.0,5.0,3.4,2025-11,post_2025_shift,-2.0,-1730.0,-7.285714285714286,0.3615602782705438,0.7344515082873905,Sunday,True,False,153
2025-11-03,3.0,28.0,5.0,2269,12.0,1.0,0.17857142857142858,0.005288673424416042,17.0,3.0,5.666666666666667,2025-11,post_2025_shift,-9.0,-1739.0,-6.571428571428571,0.3474120073844894,0.7421634915820118,Monday,False,False,153
2025-11-04,6.0,33.0,6.0,2270,8.0,1.0,0.18181818181818182,0.003524229074889868,14.0,6.0,2.3333333333333335,2025-11,post_2025_shift,-2.0,-1741.0,-6.0,0.3499747248555538,0.7407546093924086,Tuesday,False,False,153
2025-11-05,8.0,41.0,8.0,2272,7.0,1.0,0.1951219512195122,0.0030809859154929575,15.0,8.0,1.875,2025-11,post_2025_shift,1.0,-1740.0,-4.571428571428571,0.3650481776878135,0.7325748763635945,Wednesday,False,True,154
2025-11-06,6.0,33.0,9.0,2264,19.0,1.0,0.2727272727272727,0.008392226148409895,28.0,6.0,4.666666666666667,2025-11,post_2025_shift,-13.0,-1753.0,-6.428571428571429,0.3873098541939935,0.7208195032831979,Thursday,False,False,155
2025-11-09,11.0,33.0,5.0,2294,4.0,3.0,0.15151515151515152,0.0017436791630340018,9.0,11.0,0.8181818181818182,2025-11,post_2025_shift,7.0,-1746.0,-3.857142857142857,0.42246313471154934,0.7030059167071367,Sunday,True,True,156
2025-11-11,11.0,39.0,12.0,2294,14.0,2.0,0.3076923076923077,0.006102877070619006,26.0,11.0,2.3636363636363638,2025-11,post_2025_shift,-3.0,-1749.0,-3.0,0.41277304170080753,0.707827775929332,Tuesday,False,False,157
2025-11-12,14.0,48.0,20.0,2302,7.0,1.0,0.4166666666666667,0.0030408340573414424,27.0,14.0,1.9285714285714286,2025-11,post_2025_shift,7.0,-1742.0,-1.7142857142857142,0.4387345934847393,0.6950552273702642,Wednesday,False,True,158
2025-11-13,6.0,26.0,16.0,2317,5.0,1.0,0.6153846153846154,0.0021579628830384117,21.0,6.0,3.5,2025-11,post_2025_shift,1.0,-1741.0,-0.2857142857142857,0.45576381596330734,0.6869246158163922,Thursday,False,True,158
2025-11-16,5.0,22.0,3.0,2340,5.0,3.0,0.13636363636363635,0.002136752136752137,8.0,5.0,1.6,2025-11,post_2025_shift,0.0,-1741.0,0.0,0.49387265708970407,0.6694011000563832,Sunday,True,False,159
2025-11-17,1.0,35.0,6.0,2343,8.0,1.0,0.17142857142857143,0.0034144259496372174,14.0,1.0,14.0,2025-11,post_2025_shift,-7.0,-1748.0,-1.1428571428571428,0.5063074090218975,0.6638751120857448,Monday,False,False,159
2025-11-18,2.0,38.0,8.0,2345,12.0,1.0,0.21052631578947367,0.00511727078891258,20.0,2.0,10.0,2025-11,post_2025_shift,-10.0,-1758.0,-0.7142857142857143,0.47843271963509965,0.6763919566436649,Tuesday,False,False,159
2025-11-19,7.0,32.0,3.0,2340,10.0,1.0,0.09375,0.004273504273504274,13.0,7.0,1.8571428571428572,2025-11,post_2025_shift,-3.0,-1761.0,-2.142857142857143,0.4518515629214036,0.688775647276095,Wednesday,False,False,159
2025-11-20,18.0,57.0,8.0,2340,9.0,1.0,0.14035087719298245,0.0038461538461538464,17.0,18.0,0.9444444444444444,2025-11,post_2025_shift,9.0,-1752.0,-0.42857142857142855,0.45495206261801374,0.6873078678624082,Thursday,False,True,160
2025-11-23,3.0,46.0,22.0,2375,1.0,3.0,0.4782608695652174,0.0004210526315789474,23.0,3.0,7.666666666666667,2025-11,post_2025_shift,2.0,-1750.0,-1.1428571428571428,0.5378424160545496,0.6502616845265429,Sunday,True,True,160
2025-11-24,9.0,40.0,9.0,2371,13.0,1.0,0.225,0.005482918599746942,22.0,9.0,2.4444444444444446,2025-11,post_2025_shift,-4.0,-1754.0,-1.8571428571428572,0.5390472297568426,0.6497526395976765,Monday,False,False,161
2025-11-25,6.0,47.0,14.0,2375,11.0,1.0,0.2978723404255319,0.0046315789473684215,25.0,6.0,4.166666666666667,2025-11,post_2025_shift,-5.0,-1759.0,-2.5714285714285716,0.530915030212402,0.6532041166656114,Tuesday,False,False,161
2025-11-27,4.0,24.0,8.0,2389,7.0,2.0,0.3333333333333333,0.0029300962745918793,15.0,4.0,3.75,2025-11,post_2025_shift,-3.0,-1762.0,-2.0,0.5336432244619345,0.6520421334308971,Thursday,False,False,161
2025-11-30,4.0,18.0,10.0,2415,0.0,3.0,0.5555555555555556,0.0,10.0,4.0,2.5,2025-11,post_2025_shift,4.0,-1758.0,0.0,0.5644303984225761,0.6392102844641127,Sunday,True,True,162
2025-12-01,4.0,26.0,4.0,2410,9.0,1.0,0.15384615384615385,0.0037344398340248964,13.0,4.0,3.25,2025-12,post_2025_shift,-5.0,-1763.0,-0.2857142857142857,0.526388923002356,0.6551410226648091,Monday,False,False,163
2025-12-02,7.0,34.0,6.0,2407,8.0,1.0,0.17647058823529413,0.0033236393851267137,14.0,7.0,2.0,2025-12,post_2025_shift,-1.0,-1764.0,-1.7142857142857142,0.5020770243282957,0.6657448212066114,Tuesday,False,False,163
2025-12-03,4.0,32.0,8.0,2419,7.0,1.0,0.25,0.0028937577511368336,15.0,4.0,3.75,2025-12,post_2025_shift,-3.0,-1767.0,-2.4285714285714284,0.5042038193599562,0.6648035240500209,Wednesday,False,False,163
2025-12-04,16.0,39.0,7.0,2418,13.0,1.0,0.1794871794871795,0.005376344086021506,20.0,16.0,1.25,2025-12,post_2025_shift,3.0,-1764.0,-1.4285714285714286,0.4916443215829978,0.6704011040237505,Thursday,False,True,164
2025-12-07,4.0,24.0,13.0,2429,12.0,3.0,0.5416666666666666,0.004940304652120214,25.0,4.0,6.25,2025-12,post_2025_shift,-8.0,-1772.0,-1.8571428571428572,0.46570943440315027,0.6822634667745103,Sunday,True,False,165
2025-12-08,9.0,27.0,9.0,2440,4.0,1.0,0.3333333333333333,0.001639344262295082,13.0,9.0,1.4444444444444444,2025-12,post_2025_shift,5.0,-1767.0,-0.7142857142857143,0.5058287565298014,0.6640861357333292,Monday,False,True,166
2025-12-09,4.0,30.0,7.0,2443,8.0,1.0,0.23333333333333334,0.003274662300450266,15.0,4.0,3.75,2025-12,post_2025_shift,-4.0,-1771.0,-1.8571428571428572,0.5063233118272779,0.6638681033137093,Tuesday,False,False,167
2025-12-10,10.0,54.0,5.0,2439,9.0,1.0,0.09259259259259259,0.0036900369003690036,14.0,10.0,1.4,2025-12,post_2025_shift,1.0,-1770.0,-1.0,0.5073665798446456,0.6634086315639712,Wednesday,False,True,168
2025-12-11,7.0,47.0,9.0,2437,10.0,1.0,0.19148936170212766,0.004103405826836274,19.0,7.0,2.7142857142857144,2025-12,post_2025_shift,-3.0,-1773.0,-1.2857142857142858,0.5069267915677693,0.6636022437159171,Thursday,False,False,169
2025-12-14,8.0,35.0,4.0,2462,8.0,3.0,0.11428571428571428,0.003249390739236393,12.0,8.0,1.5,2025-12,post_2025_shift,0.0,-1773.0,-0.8571428571428571,0.41557405779414164,0.706427187255945,Sunday,True,False,169
2025-12-15,11.0,42.0,9.0,2470,7.0,1.0,0.21428571428571427,0.002834008097165992,16.0,11.0,1.4545454545454546,2025-12,post_2025_shift,4.0,-1769.0,-0.7142857142857143,0.40733086432879984,0.710564960484208,Monday,False,True,170
2025-12-16,8.0,54.0,15.0,2468,9.0,1.0,0.2777777777777778,0.003646677471636953,24.0,8.0,3.0,2025-12,post_2025_shift,-1.0,-1770.0,0.2857142857142857,0.4013958007462416,0.7135742803478511,Tuesday,False,False,171
2025-12-17,7.0,31.0,11.0,2481,10.0,1.0,0.3548387096774194,0.004030632809351068,21.0,7.0,3.0,2025-12,post_2025_shift,-3.0,-1773.0,-0.8571428571428571,0.3954427917510983,0.7166184138191224,Wednesday,False,False,171
2025-12-18,11.0,50.0,6.0,2472,16.0,1.0,0.12,0.006472491909385114,22.0,11.0,2.0,2025-12,post_2025_shift,-5.0,-1778.0,-1.0,0.3125263866011036,0.7618894448206739,Thursday,False,False,171
2025-12-21,6.0,18.0,11.0,2484,14.0,3.0,0.6111111111111112,0.005636070853462158,25.0,6.0,4.166666666666667,2025-12,post_2025_shift,-8.0,-1786.0,-2.2857142857142856,0.326293373671916,0.7539809968524875,Sunday,True,False,171
